-- phpMyAdmin SQL Dump
-- version 5.2.1
-- https://www.phpmyadmin.net/
--
-- Gép: 127.0.0.1
-- Létrehozás ideje: 2026. Feb 19. 13:48
-- Kiszolgáló verziója: 10.4.28-MariaDB
-- PHP verzió: 8.2.4

SET SQL_MODE = "NO_AUTO_VALUE_ON_ZERO";
START TRANSACTION;
SET time_zone = "+00:00";


/*!40101 SET @OLD_CHARACTER_SET_CLIENT=@@CHARACTER_SET_CLIENT */;
/*!40101 SET @OLD_CHARACTER_SET_RESULTS=@@CHARACTER_SET_RESULTS */;
/*!40101 SET @OLD_COLLATION_CONNECTION=@@COLLATION_CONNECTION */;
/*!40101 SET NAMES utf8mb4 */;

--
-- Adatbázis: `animeheaven_database`
--
CREATE DATABASE IF NOT EXISTS `animeheaven_database` DEFAULT CHARACTER SET utf8mb4 COLLATE utf8mb4_hungarian_ci;
USE `animeheaven_database`;

-- --------------------------------------------------------

--
-- Tábla szerkezet ehhez a táblához `anime_adatlap`
--

CREATE TABLE `anime_adatlap` (
  `id` int(11) NOT NULL,
  `mal_id` int(11) DEFAULT NULL,
  `borito` varchar(255) DEFAULT NULL,
  `hatter` varchar(255) DEFAULT NULL,
  `japan_cim` varchar(255) DEFAULT NULL,
  `angol_cim` varchar(255) DEFAULT NULL,
  `leiras` text DEFAULT NULL,
  `megjelenes` date DEFAULT NULL,
  `besorolas` enum('G','PG','PG-13','R-17+','R+-18+','Besorolás alatt') DEFAULT 'Besorolás alatt',
  `statusz` enum('Hamarosan','Fut','Befejezett','Felfüggesztett') DEFAULT 'Hamarosan',
  `tipus` enum('TV','Film','OVA','ONA','Special') DEFAULT 'TV',
  `szezon` varchar(50) DEFAULT NULL,
  `keszito` varchar(255) DEFAULT NULL,
  `ertekeles` decimal(3,2) DEFAULT NULL,
  `feltoltes_ido` date NOT NULL DEFAULT curdate(),
  `lathatosag` tinyint(1) DEFAULT 1,
  `osszes_epizod` varchar(10) DEFAULT NULL,
  `jelenlegi_epizod` int(11) DEFAULT NULL,
  `trailer` varchar(255) DEFAULT NULL
) ENGINE=InnoDB DEFAULT CHARSET=utf8mb4 COLLATE=utf8mb4_hungarian_ci;

--
-- A tábla adatainak kiíratása `anime_adatlap`
--

INSERT INTO `anime_adatlap` (`id`, `mal_id`, `borito`, `hatter`, `japan_cim`, `angol_cim`, `leiras`, `megjelenes`, `besorolas`, `statusz`, `tipus`, `szezon`, `keszito`, `ertekeles`, `feltoltes_ido`, `lathatosag`, `osszes_epizod`, `jelenlegi_epizod`, `trailer`) VALUES
(1, 44511, 'https://cdn.myanimelist.net/images/anime/1806/126216l.webp', 'https://image.tmdb.org/t/p/original/onn6JPGNwqcOUkp73ADq0PEpuLv.jpg', 'Chainsaw Man', 'Chainsaw Man', 'Denji a szülei halála után hatalmas tartozást örököl. Hogy kifizesse, démonokra vadászik Pochita nevű démon-láncfűrész-kutyája segítségével. Nem vágynak másra, csak egy normális életre. Viszont a jakuza elárulja őket, így feldarabolva végzik egy szemetesben. Itt egyezséget kötnek, amelynek hála egy erősebb testen osztoznak majd. Ezután egy professzionális démonvadász csapat befogadja őket. Így a harc a normális életért tovább folyik.', '2022-10-12', 'R-17+', 'Befejezett', 'TV', '2022 ŐSZ', 'Naruto-Kun', 8.95, '2022-10-12', 1, '12', 12, 'https://www.youtube-nocookie.com/embed/jk7QSGwupPA?enablejsapi=1&wmode=opaque&autoplay=0'),
(2, 50346, 'https://cdn.myanimelist.net/images/anime/1045/123711l.webp', 'https://image.tmdb.org/t/p/original/veh7M4ho0vgqkW0n0hx1Up42elV.jpg', 'Yofukashi no Uta', 'Call Of The Night', 'Ko Yamori éjszakánként bolyong az utcákon, mert nem tud aludni. Egy éjszaka találkozik Nazuna Nanakusával, egy titokzatos lánnyal, aki felfedi, hogy vámpír. Nazuna megmutatja Ko-nak az éjszakai élet varázsát és szabadságát, miközben különös kapcsolat alakul ki közöttük.', '2022-07-08', 'R-17+', 'Befejezett', 'TV', '2022 Nyár', 'Black Ryuu Team', 8.90, '2022-07-08', 1, '13', 13, 'https://www.youtube-nocookie.com/embed/a4bSbmqwhso?enablejsapi=1&wmode=opaque&autoplay=0'),
(3, 40748, 'https://cdn.myanimelist.net/images/anime/1171/109222l.webp', 'https://image.tmdb.org/t/p/original/j0gsESaBzFmYVhnBTXzIE9PsgY8.jpg', 'Jujutsu Kaisen', 'Jujutsu Kaisen', 'Yuuji Itadori egy rendkívüli fizikai képességekkel rendelkező középiskolás. Egyik napja azzal kezdődik, hogy találkozik egy jujutsu varázslóval, aki elátkozott tárgyakat kutat. Amikor barátai veszélybe kerülnek, Yuuji lenyeli egy erős átok ujját, hogy megmentse őket.', '2020-10-03', 'R-17+', 'Fut', 'TV', '2020 Ősz', 'Naruto-Kun', 8.83, '2020-10-03', 1, '24', 24, 'https://www.youtube-nocookie.com/embed/4A_X-Dvl0ws?enablejsapi=1&wmode=opaque&autoplay=0'),
(4, 48736, 'https://cdn.myanimelist.net/images/anime/1179/119897l.webp', 'https://image.tmdb.org/t/p/original/lt6iImp0S1cFOUs8i0hr1ycqyCu.jpg', 'Sono Bisque Doll wa Koi wo Suru', 'My Dress-Up Darling', 'Wakana Gojou egy középiskolás fiú, aki hina babák készítésével foglalkozik. Egy nap osztálytársa, Marin Kitagawa felfedezi Wakana tehetségét, és megkéri, hogy segítsen neki cosplay jelmezek készítésében. Így kezdődik kettejük különleges barátsága.', '2022-01-09', 'PG-13', 'Befejezett', 'TV', '2022 Tél', 'AnimeCenter', 8.68, '2022-01-09', 1, '12', 12, 'https://www.youtube-nocookie.com/embed/tFKDKd8z-NU?enablejsapi=1&wmode=opaque&autoplay=0'),
(5, 1535, 'https://cdn.myanimelist.net/images/anime/9/9453l.webp', 'https://image.tmdb.org/t/p/original/mOlEbXcb6ufRJKogI35KqsSlCfB.jpg', 'Death Note', 'Death Note', 'Light Yagami egy kiváló tanuló, aki egy különleges noteszre bukkan, a Death Note-ra. Bárki neve, akit a noteszba írnak, meghal. Light úgy dönt, hogy megtisztítja a világot a gonosztól, de hamarosan egy titokzatos nyomozó, L nyomába ered.', '2006-10-04', 'R-17+', 'Befejezett', 'TV', '2006 Ősz', 'Hidden Leaf Team', 8.62, '2006-10-04', 1, '37', 37, 'https://www.youtube-nocookie.com/embed/Vt_3c8BgxV4?enablejsapi=1&wmode=opaque&autoplay=0'),
(6, 50739, 'https://cdn.myanimelist.net/images/anime/1240/133638l.webp', 'https://image.tmdb.org/t/p/original/eusdD22WIeV27BVQPSJz6YONtqf.jpg', 'Otonari no Tenshi-sama ni Itsunomanika Dame Ningen ni Sareteita Ken', 'The Angel Next Door Spoils Me Rotten', 'Amane Fujimiya egy magányos középiskolás fiú, aki egy napon találkozik szomszédjával, Mahiru Shiinával, akit az iskolában angyalnak hívnak. Amikor Mahiru észreveszi Amane rendetlen életmódját, eldönti, hogy gondoskodik róla.', '2023-01-07', 'PG-13', 'Befejezett', 'TV', '2023 Tél', 'Muteki Fansub', 9.05, '2023-01-07', 1, '12', 12, 'https://www.youtube-nocookie.com/embed/IUq59ARXtdg?enablejsapi=1&wmode=opaque&autoplay=0'),
(7, 61773, 'https://cdn.myanimelist.net/images/anime/1148/150376l.webp', 'https://image.tmdb.org/t/p/original/kARAcjWmKnb9mnDPRTU9zxs5Ad2.jpg', 'Let\'s Play: Quest-darake no My Life', 'Let\'s Play', 'Főiskolai évei alatt Sam Young órákat töltött kaland-logikai játékának, a Ruminate-nek a fejlesztésével. Annak ellenére, hogy gyerekként nagyon beteg volt, Sam igazi játékfejlesztő szeretne lenni. De amikor kedvenc játékstreamere, Marshall Law kipróbálja a játékot, szörnyen félreérti, és kijelenti, hogy ez a legrosszabb játék, amit valaha játszott. Ennek eredményeként rajongói negatív értékelésekkel bombázzák Sam játékát, veszélybe sodorva ezzel az álmait. A helyzetet tovább rontja, hogy Marshall Sam új szomszédja lesz, nem tudva, hogy ő az a fejlesztő, akit olyan keményen kritizált. Bár Marshall gondoskodónak és kedvesnek tűnik, Samnek nehézséget okoz, hogy barátságot kötjön vele. Mielőtt második játékát, az Evermake-et kifejlesztheti, Samnek először ki kell találnia, hogyan hozhatja helyre tönkrement hírnevét.', '2025-10-02', 'PG-13', 'Befejezett', 'TV', '2025 ŐSZ', 'Rudolfskysub', 6.76, '2025-10-02', 1, '12', 12, 'https://www.youtube-nocookie.com/embed/ZmvyXUE_t_k?enablejsapi=1&wmode=opaque&autoplay=0'),
(8, 57555, 'https://cdn.myanimelist.net/images/anime/1763/150638l.webp', 'https://image.tmdb.org/t/p/original/xVlpyPgAjZiCcFYnKu87CNj55cu.jpg', 'Chainsaw Man Movie: Reze-hen', 'Chainsaw Man – The Movie: Reze Arc', 'A Chainsaw Man 1. évada után való folytatás.', '2025-09-19', 'R-17+', 'Befejezett', 'Film', '2025 ŐSZ', 'Muteki Fansub', 9.10, '2025-09-19', 1, '1', 1, 'https://www.youtube-nocookie.com/embed/VfoZp7CmOkE?enablejsapi=1&wmode=opaque&autoplay=0'),
(9, 42897, 'https://cdn.myanimelist.net/images/anime/1695/111486l.jpg', 'https://www.themoviedb.org/t/p/original/xNd77OTbhuqp8nMZzv55USSRJDo.jpg', 'Horimiya', 'Horimiya', 'Hori Kyoko látszatra egy átlagos tizenéves lánynak tűnhet, ám ez koránt sem igaz. A munkamániás szülei távollétében vigyáznia kell kisöccsére, Sotára, emellett főznie és takarítania is kell magukra. Ennek következtében nincs ideje a szokásos tinik társadalmi életét élnie. Erős felelősségtudata mellett nem hogy a karaokét, de még egy fél órás fagyizást sem engedhet meg magának tanítás után. Bárhová hívják barátai, ügyesen kibújik a tényleges válasz alól. Ám egy nap véletlenül találkozik valakivel, aki mint később kiderült, nem is annyira idegen, a látszatra csendes, szemüveges, sötét jellemű, pletykák szerint otaku osztálytársával, Miyamura Izumival. Később maga Hori jön rá, hogy bármit, amit gondolt, bármit, amit hallott a fiúról, az mind ellentéte annak, amint jobban megismeri a másik oldalát.', '2021-01-10', 'PG-13', 'Befejezett', 'TV', '2021 TÉL', 'AnimeGun Subs & Dark-Subs', 8.18, '2021-01-10', 1, '13', 13, 'https://www.youtube-nocookie.com/embed/e4RCugyx5No?enablejsapi=1&wmode=opaque&autoplay=0'),
(10, 54856, 'https://image.tmdb.org/t/p/original/uj83treg58OvYnAAV9VF9p9qron.jpg', 'https://www.themoviedb.org/t/p/original/mNFcBM82O0AG5pU9JwOcJqH98G9.jpg', 'Horimiya: Piece', 'Horimiya: The Missing Pieces', 'Hori Kyoko látszatra egy átlagos tizenéves lánynak tűnhet, ám ez koránt sem igaz. A munkamániás szülei távollétében vigyáznia kell kisöccsére, Sotára, emellett főznie és takarítania is kell magukra. Ennek következtében nincs ideje a szokásos tinik társadalmi életét élnie. Erős felelősségtudata mellett nem hogy a karaokét, de még egy fél órás fagyizást sem engedhet meg magának tanítás után. Bárhová hívják barátai, ügyesen kibújik a tényleges válasz alól. Ám egy nap véletlenül találkozik valakivel, aki mint később kiderült, nem is annyira idegen, a látszatra csendes, szemüveges, sötét jellemű, pletykák szerint otaku osztálytársával, Miyamura Izumival. Később maga Hori jön rá, hogy bármit, amit gondolt, bármit, amit hallott a fiúról, az mind ellentéte annak, amint jobban megismeri a másik oldalát.', '2023-07-01', 'PG-13', 'Befejezett', 'TV', '2023 NYÁR', 'AnimeTrix', 8.12, '2023-07-01', 1, '13', 13, 'https://www.youtube-nocookie.com/embed/MU-Vk5R0vVY?enablejsapi=1&wmode=opaque&autoplay=0'),
(11, 50695, 'https://www.themoviedb.org/t/p/original/yuelUbcko5B25UgUKe30B3al2Z9.jpg', 'https://www.themoviedb.org/t/p/original/stEMpPdy4wRoHyNN7KmiLuOE0S0.jpg', 'MF Ghost', 'MF Ghost', 'A nagyon is közeli jövőben az elektromos önvezető autók már elterjedtnek számítanak Japán szerte. Kanata Livington, aki kivételes tehetségnek számít az autóversenyzés terén, éppen befejezte angliai tanulmányait, és hazatér a belső égésű benzinmotorral felszerelt kocsijával az immáron sofőr nélkül száguldó, elektromos autók hazájába.', '2023-10-02', 'PG-13', 'Befejezett', 'TV', '2023 ŐSZ', 'Akio-Fansub, AnimeDrive', 7.56, '2023-10-02', 1, '12', 12, 'https://www.youtube-nocookie.com/embed/zNWZjjkKfXs?enablejsapi=1&wmode=opaque&autoplay=0'),
(12, 57559, 'https://cdn.myanimelist.net/images/anime/1037/145338l.webp', 'https://image.tmdb.org/t/p/original/qEqLerjgjX9BL1fsqRc4MoWzqIU.jpg', 'MF Ghost 2nd Season', 'MF Ghost Season 2', 'Az MF Ghost 2. évadja', '2024-10-07', 'PG-13', 'Befejezett', 'TV', '2024 ŐSZ', 'Lordminator', 7.81, '2024-10-07', 1, '12', 12, 'https://www.youtube-nocookie.com/embed/zn_3RAMZj9E?enablejsapi=1&wmode=opaque&autoplay=0'),
(13, 60602, 'https://cdn.myanimelist.net/images/anime/1419/154458l.webp', 'https://image.tmdb.org/t/p/original/stEMpPdy4wRoHyNN7KmiLuOE0S0.jpg', 'MF Ghost 3rd Season', 'MF Ghost Season 3', 'MF Ghost 3. évadja.', '2026-01-01', 'PG-13', 'Fut', 'TV', '2026 TÉL', 'Lordminator', 8.03, '2026-01-01', 1, '?', 5, 'https://www.youtube-nocookie.com/embed/hUcDI5hSBPo?enablejsapi=1&wmode=opaque&autoplay=0'),
(14, 877, 'https://cdn.myanimelist.net/images/anime/2/11232l.webp', 'https://image.tmdb.org/t/p/original/xqbimh1vOdiGAYnu0bz3y3TcIBj.jpg', 'Nana', 'Nana (Szinkronos)', 'Tartalmazza a Nana Soushuuhen: Junko no Heya epizódokat, azaz a 11,5., a 21,5. és a 36,5. részeket, ezek mindig az előttük játszódó egységeket dolgozzák fel. A narrálással (egy másik szereplő elbeszélésével) és a külsős megfigyeléssel lesz kicsit másabb. Így a sztori egyes részei kicsit más megvilágításba kerülnek. Történet: Két huszonéves lány tart Tokióba, hogy megvalósítsák nagyon különböző álmaikat, és mindkettőjüket Nanának hívják. Komatsu Nana egy vidéki polgári család lánya, naív, nyílt, és folyton szerelmes; Osaki Nana egy félárva punkzenész - határozott, kemény lány, aki önmagát és karrierjét keresni megy a fővárosba. A sors úgy hozza, hogy a két Nana először a vonaton, majd Tokióban is találkozik, végül lakótársak lesznek. Szerelmek és szakítások, siker és bukás, boldogság és tragédiák kísérik a felnőtté válásukat.', '2006-04-05', 'R-17+', 'Befejezett', 'TV', '2006 TAVASZ', 'Szinkronos', 8.57, '2006-04-05', 1, '50', 50, 'https://www.youtube-nocookie.com/embed/Tad-n4Xh3nI?enablejsapi=1&wmode=opaque&autoplay=0'),
(15, 61142, 'https://cdn.myanimelist.net/images/anime/1025/150482l.webp', 'https://image.tmdb.org/t/p/original/vhF2LhGE0pGLtA7RHpACpP87H64.jpg', 'Sawaranaide Kotesashi-kun', 'Hands Off: Sawaranaide Kotesashi-kun', 'Kotesashi Kouyou, a kiemelkedően tehetséges masszőr sportorvos szeretne lenni, ezért a középiskolát a Seiwa Akadémián kezdi meg, remélve, hogy ösztöndíjjal felvételt nyer majd az intézet orvosi egyetemére is. Hogy fedezni tudja a megélhetését, elvállalja az iskola kollégiumának gondnokságát, majd hamarosan egy egész csapat, rendkívül tehetséges és különc sportoló lányról kell gondoskodnia.', '2025-10-06', 'R-17+', 'Befejezett', 'TV', '2025 ŐSZ', 'AsakuraTeam', 6.16, '2025-10-06', 1, '12', 12, 'https://www.youtube-nocookie.com/embed/z5v3pIg35Lw?enablejsapi=1&wmode=opaque&autoplay=0'),
(16, 22319, 'https://cdn.myanimelist.net/images/anime/1498/134443l.webp', 'https://image.tmdb.org/t/p/original/uQNMXlsim9jrsY9MdU6dqTlQbZD.jpg', 'Tokyo Ghoul', 'Tokyo Ghoul', 'Furcsa gyilkosságok történnek Tokyoban. Rémmesébe illő, maszkot viselő lények, ghoulok az elkövetők, akik teljesen beolvadnak a társadalomba. Egy átlagos, egyetemi diák, Kaneki megismerkedik egy hasonló érdeklődésű lánnyal, Rizével, de nem tudja, hogy ez a találkozás egy éjszaka alatt felforgatja az életét.', '2014-07-04', 'R-17+', 'Befejezett', 'TV', '2014 NYÁR', 'Zahuczky Sub Team', 7.79, '2014-07-04', 1, '12', 12, 'https://www.youtube-nocookie.com/embed/vGuQeQsoRgU?enablejsapi=1&wmode=opaque&autoplay=0'),
(17, 27899, 'https://cdn.myanimelist.net/images/anime/1889/123307l.webp', 'https://static1.cbrimages.com/wordpress/wp-content/uploads/2020/04/tokyo-ghoul-re-season-2-poster.jpg', 'Tokyo Ghoul 2.évad', 'Tokyo Ghoul √A', 'Ken Kaneki végre elfogadta azt a szörnyeteg, húsevő részét, amitől oly sokáig félt és megvetett. Miután megszökött a fogságból és a kínzásokból, Kaneki csatlakozik az Aogiri Tree - ahhoz a harcias ghoul szervezethez, amely elrabolta őt, ami arra készteti barátait, hogy megkérdőjelezzék valódi indítékát és hűségét.Ahogy a kormány és a ghoulok közötti feszültség egyre nő, a Ghoulok Elleni Bizottság, a kormány ghoul-ellenes szakosított ügynöksége fokozza erőfeszítéseit, hogy teljesen megtisztítsa Tokiót a ghouloktól. Ez veszélyezteti Kaneki barátainak és egykori bajtársainak - az Anteiku kávézó ghouljainak - átmeneti békéjét. A veszélyes helyzet tudatában Kaneki számos csatával néz szembe, amelyek során értékes, múlandó emberségét teszi kockára.', '2015-01-09', 'R-17+', 'Befejezett', 'TV', '2015 TÉL', 'Naruto-Kun', 7.03, '2015-01-09', 1, '12', 12, 'https://www.youtube-nocookie.com/embed/v9fgZUBfZjk?enablejsapi=1&wmode=opaque&autoplay=0'),
(18, 36511, 'https://cdn.myanimelist.net/images/anime/1063/95086l.webp', 'https://image.tmdb.org/t/p/original/uQNMXlsim9jrsY9MdU6dqTlQbZD.jpg', 'Tokyo Ghoul:Re', 'Tokyo Ghoul:re', 'A Commission of Counter Ghoul az egyetlen szervezet, mely felveszi a harcot a ghoulokkal szemben, és képesek bármilyen eszközt bevetni a cél érdekében. A legújabb fegyverük ebben a rejtett háborúban még kísérleti fázisban van, és ghoul erővel ruházza fel a nyomozóikat. Sem az eljárás, sem a csapat nem volt még tesztelve, ezért Haise Sasaki kapja a feladatot, hogy kiképezze őket. Nehéz helyzetbe kerül, mert nem csak a saját maga bizonytalanságával kell megküzdenie, de a csapata valamennyi tagjának elég problémás személyisége van.', '2018-04-03', 'R-17+', 'Befejezett', 'TV', '2018 TAVASZ', 'Naruto-Kun', 6.37, '2018-04-03', 1, '12', 12, 'https://www.youtube-nocookie.com/embed/dZ36ToJLHtA?enablejsapi=1&wmode=opaque&autoplay=0'),
(19, 37799, 'https://cdn.myanimelist.net/images/anime/1545/121995l.webp', 'https://image.tmdb.org/t/p/original/uQNMXlsim9jrsY9MdU6dqTlQbZD.jpg', 'Tokyo Ghoul:Re 2 ', 'Tokyo Ghoul:Re 2', 'A Tsukiyama családi megsemmisítési művelet lezárása után a Commission of Counter Ghoul (röviden CCG) tagjai hatványozottan megnőttek hatalmukon, és továbbra is azt a célt követik, hogy Japánban minden ghoult megsemmisítsenek. Miután lemondott a Quinx Squadról,  a most érzelemmentesnek tűnő Haise Sasaki egyre több feladatot kezd el vállalni a CCG-től, a nehézségekre való tekintet nélkül.  Üres megnyilvánulásai ellenére Ken Kaneki emlékei felújulnak Haise-ban, belső konfliktusok állapotába kerülve.  Eközben új, hideg szívű viselkedése kihat a körülötte lévő emberekre. A Quinx Squad zavarban marad, és egyik tagjuk halálával kell megbirkózniuk korábbi mentoruk támogatása nélkül.', '2018-10-09', 'R-17+', 'Befejezett', 'TV', '2018 ŐSZ', 'Naruto-Kun', 6.47, '2018-10-09', 1, '12', 12, 'https://www.youtube-nocookie.com/embed/UUeqpuZobBw?enablejsapi=1&wmode=opaque&autoplay=0'),
(20, 59644, 'https://cdn.myanimelist.net/images/anime/1830/145051l.webp', 'https://image.tmdb.org/t/p/original/jHJtQvmraESA5GoK9oo2Plyzk2U.jpg', 'Yasei no Last Boss ga Arawareta!', 'A Wild Last Boss Appeared!', '2800-at írunk, és Lufas Maphaahl - a Fekete Szárnyú Zsarnok, a Nagy Hódító és a Tizenkét Égi Csillag vezetője - visszatért. Egy férfi az MMO-karaktere testében ébred fel 200 évvel azután, hogy legyőzték őt egy esemény során az Exgate Online játékban. Ez azonban nem játék többé, hanem egy másik világ, amiben Lufasnak boldogulnia kell.', '2025-10-04', 'PG-13', 'Befejezett', 'TV', '2025 ŐSZ', 'Slime-kun', 7.47, '2025-10-04', 1, '12', 12, 'https://www.youtube-nocookie.com/embed/Y_G0A8ohFLo?enablejsapi=1&wmode=opaque&autoplay=0'),
(21, 40211, 'https://cdn.myanimelist.net/images/anime/1583/108598l.webp', 'https://image.pmgstatic.com/cache/resized/w936/files/images/film/photos/165/774/165774104_4d5404.jpg', 'Luo Xiao Hei Zhan Ji', 'The Legend of Hei', 'A film egy magányos kis macskaszellem, Xiaohei történetét hivatott elmesélni. Elűzték erdejéből, így új otthont keresve vándorol, közben találkozik más szellemekkel, végül egy ember mellett találja magát, akit Wuxian-nak hívnak. Igaz, nem önszántából tart vele, viszont az út során sokat tanul tőle. Felébrednek alvó képességei, világnézete pedig sokat változik. Kettejük kapcsolatára és erre a fejlődésre fókuszál ez a kínai film. Kellemes történet, nem hiányzik belőle a komikum, sem a harc, mindenből tartalmaz egy kicsit.', '2019-09-07', 'G', 'Befejezett', 'Film', '2019 ŐSZ', 'AnimegunFansub', 7.98, '2019-09-07', 1, '1', 1, 'https://www.youtube-nocookie.com/embed/G9oTNGF1OZE?enablejsapi=1&wmode=opaque&autoplay=0'),
(22, 59457, 'https://cdn.myanimelist.net/images/anime/1999/144601l.webp', 'https://image.tmdb.org/t/p/original/j32RT713AHcBfL4HWQPz0aBxI4H.jpg', 'Haite Kudasai, Takamine-san', 'Please Put Them On, Takamine-san', 'Takamine Takane a középiskola dívája, aki páratlan szépséggel, kiemelkedő tanulmányi és sporteredményekkel rendelkezik, ráadásul ő a diáktanács elnöknője. Egy nap azonban Shirota Koushi, a jelentéktelen társadalmi kitaszított tanuló rájön, hogy Takane sikerének a kulcsa nem máshol rejlik, mint a lány bugyijában. Ugyanis valahányszor lehúzza azt, Takane meg nem történtté tudja tenni a múltbéli hibáit. És most, hogy Koushi tudja a titkát, esélye sincs elmenekülni Takane elől.', '2025-04-02', 'R-17+', 'Fut', 'TV', '2025 TAVASZ', 'Anime Sekai Team & Muteki Fansub', 6.18, '2025-04-02', 1, '12', 8, 'https://www.youtube-nocookie.com/embed/XQABbjkXMB4?enablejsapi=1&wmode=opaque&autoplay=0'),
(23, 7088, 'https://cdn.myanimelist.net/images/anime/11/75554l.webp', 'https://www.crunchyroll.com/imgsrv/display/thumbnail/1200x675/catalog/crunchyroll/be4bfc1bf10f3cf02302552b2d6c6acf.jpe', 'Ichiban Ushiro no Daimaou', 'Demon King Daimao', 'Akuto Sai arról álmodik, hogy jóra változtatja a világot, ezért átiratkozik a Constant Mágikus Akadémiára, ahol összeBarátkozik az erényes nindzsa klán egyik tagjával, Junko Hattori-val. Az akadémiára menet megfogadják, hogy együtt jobbá teszik a világot, azonban megérkezésekor a helyzet hirtelen rosszára fordul - megjósolták, hogy ő lesz a Démonkirály! Ahogy a végzetének híre elterjed, az iskola félni kezd tőle, és Junko bizalma is megingott benne. Miközben Akuto eltökélt szándéka, hogy nem hagyja, hogy a megjósolt jövője irányítsa a sorsát, úgy tűnik, hogy minden, amit mond és tesz, csak azt a tényt erősíti, hogy a végzete szerint ő lesz a Démonkirály. Ráadásul egy gyönyörű lányokból álló hárem veszi körül, akiknek mind saját tervei vannak vele, kezdve attól, hogy igazságot szolgáltatnak neki, egészen addig, hogy egyszerűen csak szerelemmel árasztják el. Újonnan felébredt erejével Akutónak meg kell birkóznia a szerencsétlenségek folyamatosan növekvő listájával, és harcolnia kell azért, hogy bebizonyítsa, sorsa nincs kőbe vésve.', '2010-04-03', 'R-17+', 'Befejezett', 'TV', '2010 TAVASZ', 'AnimeAddicts', 6.72, '2010-04-03', 1, '12', 12, 'https://www.youtube-nocookie.com/embed/jlhUNY_AFMA?enablejsapi=1&wmode=opaque&autoplay=0'),
(24, 55995, 'https://cdn.myanimelist.net/images/anime/1577/147967l.webp', 'https://image.tmdb.org/t/p/original/2MKiO2NDEC6bGWC060OOs9yAvej.jpg', 'Your Forma', 'Your Forma', 'A Your Forma egy csodás okosfonal technológia, amit eredetileg egy vírusos agyvelőgyulladás járvány megfékezésére fejlesztettek ki, ám idővel a mindennapi élet szerves részévé vált. De ezek a kényelmes eszközöknek van egy nagy hátrányuk is, miszerint rögzítenek minden képet, hangot, sőt még a felhasználóik által tapasztalt érzelmeket is. Hieda Echika elektronikus nyomozó számára a napi munka része, hogy a Your Forma segítségével elmerül az emberek emlékeiben és még a legnehezebb bűncselekményekhez is felkutatja a bizonyítékokat. A probléma az, hogy olyan jól csinálja, hogy az asszisztensei szó szerint megsütik az  agyukat, mivel lépést akarnak tartani vele, ezért a felső vezetés végül egy vele egyenrangú társat ad Echikának: egy Harold Lucraft nevű, zseniális és pimasz androidot. Vajon ez a valószínűtlen duó képes lesz-e megfakadályozni, hogy egy halálos technológiai fertőzés végigsöpörjön az egész világon, még mielőtt túl késő lenne?', '2025-04-02', 'R-17+', 'Befejezett', 'TV', '2025 TAVASZ', 'Naruto-Kun', 6.26, '2025-04-02', 1, '13', 13, 'https://www.youtube-nocookie.com/embed/v2PU0EhV8uw?enablejsapi=1&wmode=opaque&autoplay=0'),
(25, 60489, 'https://cdn.myanimelist.net/images/anime/1182/149879l.webp', 'https://image.tmdb.org/t/p/original/cdwldPawuTyVLJCzPfy2ZEXFAy8.jpg', 'Takopii no Genzai', 'Takopi\'s Original Sin', 'Egy tintahalszerű lény, akit Happiannek hívnak, elhagyja szülőbolygóját azzal a céllal, hogy boldogságot terjesszen az univerzumban. A Földre érkezik, de hamarosan veszélybe kerül, mert a bolygó lakói fogságba ejtik. Szerencsére egy mosolytalan kislány, Shizuka Kuze talál rá, aki megeteti és Takopii névre kereszteli. Takopii hálából elhatározza, hogy mindent megtesz, hogy mosolyt csaljon a kislány arcára. A feladat azonban könnyebb mondani, mint megcsinálni. Shizukát osztálytársai zaklatják, nincs apja, és anyja soha nincs otthon – bár ezeknek a problémáknak a súlya elkerüli a naiv Takopii figyelmét. Ennek ellenére Shizukának van egy boldogságforrása: kutyája, Chappy. Shizuka és Chappy közötti kapcsolat csak tovább növeli Takopii vágyát, hogy mosolyt csaljon a kislány arcára. Bár Takopii kísérletei, hogy felvidítsa Shizukát, nem várt következményekkel járnak, ő elszántan veszi kezébe a dolgokat, teszteli az emberekről szerzett ismereteit, és eléri célját, hogy boldogságot terjesszen.', '2025-06-28', 'R-17+', 'Befejezett', 'TV', '2025 NYÁR', 'Sakura Guild', 8.76, '2025-06-28', 1, '6', 6, 'https://www.youtube-nocookie.com/embed/SUhYB0W7gM0?enablejsapi=1&wmode=opaque&autoplay=0');

-- --------------------------------------------------------

--
-- Tábla szerkezet ehhez a táblához `anime_cimke`
--

CREATE TABLE `anime_cimke` (
  `id` int(11) NOT NULL,
  `anime_id` int(11) NOT NULL,
  `cimke_id` int(11) NOT NULL
) ENGINE=InnoDB DEFAULT CHARSET=utf8mb4 COLLATE=utf8mb4_hungarian_ci;

--
-- A tábla adatainak kiíratása `anime_cimke`
--

INSERT INTO `anime_cimke` (`id`, `anime_id`, `cimke_id`) VALUES
(1, 1, 1),
(2, 1, 10),
(3, 2, 17),
(4, 2, 24),
(5, 3, 1),
(6, 3, 10),
(7, 3, 21),
(8, 4, 17),
(9, 4, 22),
(10, 5, 24),
(11, 5, 25),
(12, 6, 17),
(13, 6, 22),
(14, 7, 7),
(15, 7, 17),
(16, 8, 1),
(17, 8, 10),
(18, 8, 21),
(19, 9, 17),
(20, 9, 21),
(21, 10, 17),
(22, 10, 21),
(23, 11, 7),
(24, 11, 19),
(25, 11, 23),
(26, 12, 7),
(27, 12, 19),
(28, 12, 23),
(29, 13, 7),
(30, 13, 19),
(31, 13, 23),
(32, 14, 7),
(33, 14, 17),
(34, 14, 20),
(35, 15, 8),
(36, 15, 23),
(37, 16, 1),
(38, 16, 7),
(39, 16, 13),
(40, 16, 16),
(41, 16, 19),
(42, 16, 24),
(43, 17, 1),
(44, 17, 10),
(45, 17, 13),
(46, 17, 19),
(47, 17, 25),
(48, 18, 1),
(49, 18, 10),
(50, 18, 13),
(51, 18, 19),
(52, 18, 25),
(53, 19, 1),
(54, 19, 7),
(55, 19, 13),
(56, 19, 16),
(57, 19, 19),
(58, 19, 24),
(59, 20, 1),
(60, 20, 2),
(61, 20, 10),
(62, 21, 2),
(63, 21, 7),
(64, 21, 10),
(65, 22, 6),
(66, 22, 8),
(67, 22, 17),
(68, 22, 21),
(69, 23, 1),
(70, 23, 6),
(71, 23, 8),
(72, 23, 10),
(73, 23, 17),
(74, 24, 16),
(75, 24, 18),
(76, 25, 7),
(77, 25, 18),
(78, 25, 21);

-- --------------------------------------------------------

--
-- Tábla szerkezet ehhez a táblához `anime_studio`
--

CREATE TABLE `anime_studio` (
  `id` int(11) NOT NULL,
  `anime_id` int(11) NOT NULL,
  `studio_id` int(11) NOT NULL
) ENGINE=InnoDB DEFAULT CHARSET=utf8mb4 COLLATE=utf8mb4_hungarian_ci;

--
-- A tábla adatainak kiíratása `anime_studio`
--

INSERT INTO `anime_studio` (`id`, `anime_id`, `studio_id`) VALUES
(1, 1, 379),
(2, 2, 362),
(3, 3, 379),
(4, 4, 132),
(5, 5, 376),
(6, 6, 478),
(7, 7, 454),
(8, 8, 379),
(9, 9, 132),
(10, 10, 132),
(11, 11, 219),
(12, 12, 219),
(13, 13, 219),
(14, 14, 376),
(15, 15, 523),
(16, 16, 551),
(17, 17, 551),
(18, 18, 551),
(19, 19, 551),
(20, 20, 782),
(21, 21, 277),
(22, 22, 362),
(23, 23, 47),
(24, 24, 241),
(25, 25, 199);

-- --------------------------------------------------------

--
-- Tábla szerkezet ehhez a táblához `cimke_lista`
--

CREATE TABLE `cimke_lista` (
  `id` int(11) NOT NULL,
  `cimke_nev` varchar(100) NOT NULL
) ENGINE=InnoDB DEFAULT CHARSET=utf8mb4 COLLATE=utf8mb4_hungarian_ci;

--
-- A tábla adatainak kiíratása `cimke_lista`
--

INSERT INTO `cimke_lista` (`id`, `cimke_nev`) VALUES
(1, 'Action'),
(2, 'Adventure'),
(3, 'Avant Garde'),
(4, 'Award Winning'),
(5, 'Boys Love'),
(6, 'Comedy'),
(7, 'Drama'),
(8, 'Ecchi'),
(9, 'Erotica'),
(10, 'Fantasy'),
(11, 'Girls Love'),
(12, 'Gourmet'),
(13, 'Horror'),
(14, 'Josei'),
(15, 'Kids'),
(16, 'Mystery'),
(17, 'Romance'),
(18, 'Sci-Fi'),
(19, 'Seinen'),
(20, 'Shoujo'),
(21, 'Shounen'),
(22, 'Slice of Life'),
(23, 'Sports'),
(24, 'Supernatural'),
(25, 'Suspense');

-- --------------------------------------------------------

--
-- Tábla szerkezet ehhez a táblához `elozmeny`
--

CREATE TABLE `elozmeny` (
  `id` int(11) NOT NULL,
  `profil_id` int(11) NOT NULL,
  `anime_id` int(11) NOT NULL,
  `resz_id` int(11) NOT NULL,
  `megnezve` timestamp NOT NULL DEFAULT current_timestamp()
) ENGINE=InnoDB DEFAULT CHARSET=utf8mb4 COLLATE=utf8mb4_hungarian_ci;

--
-- A tábla adatainak kiíratása `elozmeny`
--

INSERT INTO `elozmeny` (`id`, `profil_id`, `anime_id`, `resz_id`, `megnezve`) VALUES
(1, 6, 1, 1, '2024-10-15 18:30:00'),
(2, 6, 1, 2, '2024-10-15 19:00:00'),
(3, 6, 1, 3, '2024-10-16 17:45:00'),
(4, 6, 1, 4, '2024-10-16 18:15:00'),
(5, 6, 1, 5, '2024-10-17 16:30:00'),
(6, 6, 1, 6, '2024-10-17 17:00:00'),
(7, 6, 1, 7, '2024-10-18 18:00:00'),
(8, 6, 1, 8, '2024-10-18 18:30:00'),
(9, 6, 1, 9, '2024-10-19 17:00:00'),
(10, 6, 1, 10, '2024-10-19 17:30:00'),
(11, 6, 1, 11, '2024-10-20 16:00:00'),
(12, 6, 1, 12, '2024-10-20 16:30:00'),
(13, 6, 5, 77, '2024-11-01 20:00:00'),
(14, 6, 5, 78, '2024-11-01 20:30:00'),
(15, 6, 5, 79, '2024-11-02 19:00:00'),
(16, 6, 5, 80, '2024-11-02 19:30:00'),
(17, 6, 5, 81, '2024-11-03 18:00:00'),
(18, 6, 5, 82, '2024-11-03 18:30:00'),
(19, 6, 5, 83, '2024-11-04 19:00:00'),
(20, 6, 5, 84, '2024-11-04 19:30:00'),
(21, 6, 5, 85, '2024-11-05 20:00:00'),
(22, 6, 5, 86, '2024-11-05 20:30:00'),
(23, 6, 5, 87, '2024-11-06 18:00:00'),
(24, 6, 5, 88, '2024-11-06 18:30:00'),
(25, 6, 5, 89, '2024-11-07 19:00:00'),
(26, 6, 5, 90, '2024-11-07 19:30:00'),
(27, 6, 5, 91, '2024-11-08 20:00:00'),
(28, 6, 5, 92, '2024-11-08 20:30:00'),
(29, 6, 5, 93, '2024-11-09 18:00:00'),
(30, 6, 5, 94, '2024-11-09 18:30:00'),
(31, 6, 5, 95, '2024-11-10 19:00:00'),
(32, 6, 5, 96, '2024-11-10 19:30:00'),
(64, 7, 4, 62, '2024-09-01 17:00:00'),
(65, 7, 4, 63, '2024-09-01 17:30:00'),
(66, 7, 4, 64, '2024-09-02 18:00:00'),
(67, 7, 4, 65, '2024-09-02 18:30:00'),
(68, 7, 4, 66, '2024-09-03 17:00:00'),
(69, 7, 4, 67, '2024-09-03 17:30:00'),
(70, 7, 4, 68, '2024-09-04 18:00:00'),
(71, 7, 4, 69, '2024-09-04 18:30:00'),
(72, 7, 4, 70, '2024-09-05 17:00:00'),
(73, 7, 4, 71, '2024-09-05 17:30:00'),
(74, 7, 4, 72, '2024-09-06 18:00:00'),
(75, 7, 4, 73, '2024-09-06 18:30:00'),
(76, 7, 2, 16, '2024-10-01 19:00:00'),
(77, 7, 2, 17, '2024-10-01 19:30:00'),
(78, 7, 2, 18, '2024-10-02 18:00:00'),
(79, 7, 2, 19, '2024-10-02 18:30:00'),
(80, 7, 2, 20, '2024-10-03 17:00:00'),
(81, 7, 2, 21, '2024-10-03 17:30:00'),
(82, 7, 2, 22, '2024-10-04 18:00:00'),
(83, 7, 2, 23, '2024-10-04 18:30:00'),
(95, 8, 3, 31, '2024-08-01 16:00:00'),
(96, 8, 3, 32, '2024-08-01 16:30:00'),
(97, 8, 3, 33, '2024-08-02 17:00:00'),
(98, 8, 3, 34, '2024-08-02 17:30:00'),
(99, 8, 3, 35, '2024-08-03 18:00:00'),
(100, 8, 3, 36, '2024-08-03 18:30:00'),
(101, 8, 3, 37, '2024-08-04 16:00:00'),
(102, 8, 3, 38, '2024-08-04 16:30:00'),
(103, 8, 3, 39, '2024-08-05 17:00:00'),
(104, 8, 3, 40, '2024-08-05 17:30:00'),
(105, 8, 3, 41, '2024-08-06 18:00:00'),
(106, 8, 3, 42, '2024-08-06 18:30:00'),
(107, 8, 3, 43, '2024-08-07 16:00:00'),
(108, 8, 3, 44, '2024-08-07 16:30:00'),
(109, 8, 3, 45, '2024-08-08 17:00:00'),
(110, 8, 1, 1, '2024-09-15 18:00:00'),
(111, 8, 1, 2, '2024-09-15 18:30:00'),
(112, 8, 1, 3, '2024-09-16 17:00:00'),
(113, 8, 1, 4, '2024-09-16 17:30:00'),
(114, 8, 1, 5, '2024-09-17 18:00:00'),
(115, 8, 1, 6, '2024-09-17 18:30:00'),
(116, 8, 1, 7, '2024-09-18 17:00:00'),
(117, 8, 1, 8, '2024-09-18 17:30:00'),
(118, 8, 1, 9, '2024-09-19 18:00:00'),
(119, 8, 1, 10, '2024-09-19 18:30:00'),
(120, 8, 1, 11, '2024-09-20 17:00:00'),
(121, 8, 1, 12, '2024-09-20 17:30:00'),
(126, 10, 5, 77, '2024-11-15 19:00:00'),
(127, 10, 5, 78, '2024-11-15 19:30:00'),
(128, 10, 5, 79, '2024-11-16 18:00:00'),
(129, 10, 5, 80, '2024-11-16 18:30:00'),
(130, 10, 5, 81, '2024-11-17 19:00:00'),
(131, 10, 5, 82, '2024-11-17 19:30:00'),
(132, 10, 5, 83, '2024-11-18 18:00:00'),
(133, 10, 5, 84, '2024-11-18 18:30:00'),
(134, 10, 5, 85, '2024-11-19 19:00:00'),
(135, 10, 5, 86, '2024-11-19 19:30:00'),
(136, 10, 4, 62, '2024-12-01 20:00:00'),
(137, 10, 4, 63, '2024-12-01 20:30:00'),
(138, 10, 4, 64, '2024-12-02 19:00:00'),
(139, 10, 4, 65, '2024-12-02 19:30:00'),
(140, 10, 4, 66, '2024-12-03 18:00:00'),
(141, 10, 4, 67, '2024-12-03 18:30:00');

-- --------------------------------------------------------

--
-- Tábla szerkezet ehhez a táblához `forras_elem`
--

CREATE TABLE `forras_elem` (
  `id` int(11) NOT NULL,
  `forras_id` int(11) NOT NULL,
  `resz_id` int(11) NOT NULL,
  `link` varchar(255) DEFAULT NULL
) ENGINE=InnoDB DEFAULT CHARSET=utf8mb4 COLLATE=utf8mb4_hungarian_ci;

--
-- A tábla adatainak kiíratása `forras_elem`
--

INSERT INTO `forras_elem` (`id`, `forras_id`, `resz_id`, `link`) VALUES
(1, 2, 208, 'https://videa.hu/player?f=8.3536427.2567651.0'),
(2, 2, 209, 'https://videa.hu/player?f=8.3536425.2567651.0'),
(3, 2, 210, 'https://videa.hu/player?f=8.3536423.2567651.0'),
(4, 2, 211, 'https://videa.hu/player?f=8.3536422.2567651.0'),
(5, 2, 212, 'https://videa.hu/player?f=8.3536421.2567651.0'),
(6, 2, 213, 'https://videa.hu/player?f=8.3536420.2567651.0'),
(7, 2, 214, 'https://videa.hu/player?f=8.3536419.2567651.0'),
(8, 2, 215, 'https://videa.hu/player?f=8.3536418.2567651.0'),
(9, 2, 216, 'https://videa.hu/player?f=8.3536417.2567651.0'),
(10, 2, 217, 'https://videa.hu/player?f=8.3536416.2567651.0'),
(11, 2, 218, 'https://videa.hu/player?f=8.3536415.2567651.0'),
(12, 2, 219, 'https://videa.hu/player?f=8.3536414.2567651.0'),
(13, 2, 220, 'https://videa.hu/player?f=8.3536414.2567651.0'),
(14, 2, 221, 'https://videa.hu/player?f=8.3536411.2567651.0'),
(15, 2, 222, 'https://videa.hu/player?f=8.3536409.2567651.0'),
(16, 2, 223, 'https://videa.hu/player?f=8.3536407.2567651.0'),
(17, 2, 224, 'https://videa.hu/player?f=8.3536406.2567651.0'),
(18, 2, 225, 'https://videa.hu/player?f=8.3536405.2567651.0'),
(19, 2, 226, 'https://videa.hu/player?f=8.3536403.2567651.0'),
(20, 2, 227, 'https://videa.hu/player?f=8.3536402.2567651.0'),
(21, 2, 228, 'https://videa.hu/player?f=8.3536401.2567651.0'),
(22, 2, 229, 'https://videa.hu/player?f=8.3536399.2567651.0'),
(23, 2, 230, 'https://videa.hu/player?f=8.3536397.2567651.0'),
(24, 2, 231, 'https://videa.hu/player?f=8.3536395.2567651.0'),
(25, 2, 232, 'https://videa.hu/player?f=8.3536394.2567651.0'),
(26, 2, 233, 'https://videa.hu/player?f=8.3536393.2567651.0'),
(27, 2, 234, 'https://videa.hu/player?f=8.3536391.2567651.0'),
(28, 2, 235, 'https://videa.hu/player?f=8.3536387.2567651.0'),
(29, 2, 236, 'https://videa.hu/player?f=8.3536387.2567651.0'),
(30, 2, 237, 'https://videa.hu/player?f=8.3536385.2567651.0'),
(31, 2, 238, 'https://videa.hu/player?f=8.3536383.2567651.0'),
(32, 2, 239, 'https://videa.hu/player?f=8.3536381.2567651.0'),
(33, 2, 240, 'https://videa.hu/player?f=8.3536376.2567651.0'),
(34, 2, 241, 'https://videa.hu/player?f=8.3536372.2567651.0'),
(35, 2, 242, 'https://videa.hu/player?f=8.3536377.2567651.0'),
(36, 2, 243, 'https://videa.hu/player?f=8.3536368.2567651.0'),
(37, 2, 244, 'https://videa.hu/player?f=8.3536366.2567651.0'),
(38, 2, 245, 'https://videa.hu/player?f=8.3536363.2567651.0'),
(39, 2, 246, 'https://videa.hu/player?f=8.3536361.2567651.0'),
(40, 2, 247, 'https://videa.hu/player?f=8.3536361.2567651.0'),
(41, 2, 248, 'https://videa.hu/player?f=8.3536356.2567651.0'),
(42, 2, 249, 'https://videa.hu/player?f=8.3536351.2567651.0'),
(43, 2, 250, 'https://videa.hu/player?f=8.3536349.2567651.0'),
(44, 2, 251, 'https://videa.hu/player?f=8.3536357.2567651.0'),
(45, 2, 252, 'https://videa.hu/player?f=8.3536344.2567651.0'),
(46, 2, 253, 'https://videa.hu/player?f=8.3536342.2567651.0'),
(47, 2, 254, 'https://videa.hu/player?f=8.3536340.2567651.0'),
(48, 2, 255, 'https://videa.hu/player?f=8.3536338.2567651.0'),
(49, 2, 256, 'https://videa.hu/player?f=8.3536335.2567651.0'),
(50, 2, 257, 'https://videa.hu/player?f=8.3536334.2567651.0'),
(64, 1, 208, 'https://embed.indavideo.hu/player/video/07dd6eb06a'),
(65, 1, 209, 'https://embed.indavideo.hu/player/video/dfd0caac6e'),
(66, 1, 210, 'https://embed.indavideo.hu/player/video/030353e616'),
(67, 1, 211, 'https://embed.indavideo.hu/player/video/4266934166'),
(68, 1, 212, 'https://embed.indavideo.hu/player/video/833738234a'),
(69, 1, 213, 'https://embed.indavideo.hu/player/video/3847a30c96'),
(70, 1, 214, 'https://embed.indavideo.hu/player/video/dc9a6251b6'),
(71, 1, 215, 'https://embed.indavideo.hu/player/video/8d0611fe4f'),
(72, 1, 216, 'https://embed.indavideo.hu/player/video/f3331069e1'),
(73, 1, 217, 'https://embed.indavideo.hu/player/video/61fc5fe423'),
(74, 1, 218, 'https://embed.indavideo.hu/player/video/614f90ed1f'),
(75, 1, 219, 'https://embed.indavideo.hu/player/video/64f92de31a'),
(76, 1, 220, 'https://embed.indavideo.hu/player/video/5d27bfcaf3'),
(77, 1, 221, 'https://embed.indavideo.hu/player/video/3155e68a2c'),
(78, 1, 222, 'https://embed.indavideo.hu/player/video/825b026723'),
(79, 1, 223, 'https://embed.indavideo.hu/player/video/8edf317d9c'),
(80, 1, 224, 'https://embed.indavideo.hu/player/video/0e10ea2795'),
(81, 1, 225, 'https://embed.indavideo.hu/player/video/d9d539e884'),
(82, 1, 226, 'https://embed.indavideo.hu/player/video/1844ae5075'),
(83, 1, 227, 'https://embed.indavideo.hu/player/video/ea0f7fd6f1'),
(84, 1, 228, 'https://embed.indavideo.hu/player/video/ddbadcd7d4'),
(85, 1, 229, 'https://embed.indavideo.hu/player/video/8ea1ea1f50'),
(86, 1, 230, 'https://embed.indavideo.hu/player/video/f2517c1dc6'),
(87, 1, 231, 'https://embed.indavideo.hu/player/video/171fab6fb9'),
(88, 1, 232, 'https://embed.indavideo.hu/player/video/9325fbf324'),
(89, 1, 233, 'https://embed.indavideo.hu/player/video/9d93645425'),
(90, 1, 234, 'https://embed.indavideo.hu/player/video/29ff6bfb72'),
(91, 1, 235, 'https://embed.indavideo.hu/player/video/9300102f11'),
(92, 1, 236, 'https://embed.indavideo.hu/player/video/29a2432cdd'),
(93, 1, 237, 'https://embed.indavideo.hu/player/video/23a012eca2'),
(94, 1, 238, 'https://embed.indavideo.hu/player/video/7730e81554'),
(95, 1, 239, 'https://embed.indavideo.hu/player/video/f7911b3745'),
(96, 1, 240, 'https://embed.indavideo.hu/player/video/ceb36b826b'),
(97, 1, 241, 'https://embed.indavideo.hu/player/video/f19ced3685'),
(98, 1, 242, 'https://embed.indavideo.hu/player/video/2d0c265eca'),
(99, 1, 243, 'https://embed.indavideo.hu/player/video/dc98ff260c'),
(100, 1, 244, 'https://embed.indavideo.hu/player/video/f256aca05c'),
(101, 1, 245, 'https://embed.indavideo.hu/player/video/74525b729b'),
(102, 1, 246, 'https://embed.indavideo.hu/player/video/181bb45eff'),
(103, 1, 247, 'https://embed.indavideo.hu/player/video/b361bd97b2'),
(104, 1, 248, 'https://embed.indavideo.hu/player/video/c353b8dbe1'),
(105, 1, 249, 'https://embed.indavideo.hu/player/video/cb9beb14e7'),
(106, 1, 250, 'https://embed.indavideo.hu/player/video/edce7036f7'),
(107, 1, 251, 'https://embed.indavideo.hu/player/video/7737249d0d'),
(108, 1, 252, 'https://embed.indavideo.hu/player/video/da164ddc1a'),
(109, 1, 253, 'https://embed.indavideo.hu/player/video/7822df65fd'),
(110, 1, 254, 'https://embed.indavideo.hu/player/video/267483bdfd'),
(111, 1, 255, 'https://embed.indavideo.hu/player/video/79caf506d0'),
(112, 1, 256, 'https://embed.indavideo.hu/player/video/2384fddd8d'),
(113, 1, 257, 'https://embed.indavideo.hu/player/video/bb39cbc4ef'),
(127, 2, 346, 'https://videa.hu/player?f=8.3463073.2567651.0'),
(128, 2, 347, 'https://videa.hu/player?f=8.3463079.2567651.0'),
(129, 2, 348, 'https://videa.hu/player?f=8.3463087.2567651.0'),
(130, 2, 349, 'https://videa.hu/player?f=8.3463091.2567651.0'),
(131, 2, 350, 'https://videa.hu/player?f=8.3463098.2567651.0'),
(132, 2, 351, 'https://videa.hu/player?f=8.3509688.2567651.0'),
(133, 2, 352, 'https://videa.hu/player?f=8.3509690.2567651.0'),
(134, 2, 353, 'https://videa.hu/player?f=8.3509698.2567651.0'),
(135, 2, 354, 'https://videa.hu/player?f=8.3531701.2567651.0'),
(136, 2, 355, 'https://videa.hu/player?f=8.3531706.2567651.0'),
(137, 2, 356, 'https://videa.hu/player?f=8.3531633.2567651.0'),
(138, 2, 357, 'https://videa.hu/player?f=8.3544575.2567651.0'),
(142, 1, 361, 'https://embed.indavideo.hu/player/video/27c8d0b4e5'),
(143, 1, 362, 'https://embed.indavideo.hu/player/video/604b19806a'),
(144, 1, 363, 'https://embed.indavideo.hu/player/video/c2bf45ac9f'),
(145, 1, 364, 'https://embed.indavideo.hu/player/video/d3a2be6777'),
(146, 1, 365, 'https://embed.indavideo.hu/player/video/137a696a06'),
(147, 1, 366, 'https://embed.indavideo.hu/player/video/11e7ff2257'),
(148, 1, 367, 'https://embed.indavideo.hu/player/video/aa9b89cb18'),
(149, 1, 368, 'https://embed.indavideo.hu/player/video/57f190b6ed'),
(150, 1, 369, 'https://embed.indavideo.hu/player/video/c149ab2667'),
(158, 1, 377, 'https://embed.indavideo.hu/player/video/33a35a1f9f'),
(159, 1, 378, 'https://embed.indavideo.hu/player/video/e2c7f949ae'),
(160, 1, 379, 'https://embed.indavideo.hu/player/video/9dc0a11219'),
(161, 1, 380, 'https://embed.indavideo.hu/player/video/2f67982492'),
(162, 1, 381, 'https://embed.indavideo.hu/player/video/1bf74d757c'),
(163, 1, 382, 'https://embed.indavideo.hu/player/video/1fed4ca201'),
(164, 1, 383, 'https://embed.indavideo.hu/player/video/9457ffcc6d'),
(165, 1, 384, 'https://embed.indavideo.hu/player/video/aa697ddeb2'),
(166, 1, 385, 'https://embed.indavideo.hu/player/video/6f80a170c7'),
(167, 1, 386, 'https://embed.indavideo.hu/player/video/daf0c4d416'),
(168, 1, 387, 'https://embed.indavideo.hu/player/video/35dd2cdfb0'),
(169, 1, 388, 'https://embed.indavideo.hu/player/video/39d90ed426'),
(173, 2, 392, 'https://videa.hu/player?f=8.3282157.1265416.0'),
(174, 2, 393, 'https://videa.hu/player?f=8.3287213.1265416.0'),
(175, 2, 394, 'https://videa.hu/player?f=8.3289588.1265416.0'),
(176, 2, 395, 'https://videa.hu/player?f=8.3428139.1265416.0'),
(177, 2, 396, 'https://videa.hu/player?f=8.3429839.1265416.0'),
(178, 2, 397, 'https://videa.hu/player?f=8.3434262.1265416.0'),
(179, 2, 398, 'https://videa.hu/player?f=8.3434269.1265416.0'),
(180, 2, 399, 'https://videa.hu/player?f=8.3435714.1265416.0'),
(181, 2, 400, 'https://videa.hu/player?f=8.3438163.1265416.0'),
(182, 2, 401, 'https://videa.hu/player?f=8.3438495.1265416.0'),
(183, 2, 402, 'https://videa.hu/player?f=8.3438521.1265416.0'),
(184, 2, 403, 'https://videa.hu/player?f=8.3440904.1265416.0'),
(185, 2, 404, 'https://videa.hu/player?f=8.3441030.1265416.0'),
(188, 1, 407, 'https://embed.indavideo.hu/player/video/70a1f49a57'),
(189, 1, 408, 'https://embed.indavideo.hu/player/video/40d7f8ea09'),
(190, 1, 409, 'https://embed.indavideo.hu/player/video/e473f547c6'),
(191, 1, 410, 'https://embed.indavideo.hu/player/video/527b203984'),
(192, 1, 411, 'https://embed.indavideo.hu/player/video/f5e5bdef54'),
(193, 1, 412, 'https://embed.indavideo.hu/player/video/1912c37299'),
(195, 2, 414, 'https://videa.hu/player?f=8.3512186.2567651.0'),
(196, 2, 415, 'https://videa.hu/player?f=8.3512191.2567651.0'),
(197, 2, 416, 'https://videa.hu/player?f=8.3512195.2567651.0'),
(198, 2, 417, 'https://videa.hu/player?f=8.3512196.2567651.0'),
(199, 2, 418, 'https://videa.hu/player?f=8.3512203.2567651.0'),
(200, 2, 419, 'https://videa.hu/player?f=8.3512206.2567651.0'),
(201, 2, 420, 'https://videa.hu/player?f=8.3512209.2567651.0'),
(202, 2, 421, 'https://videa.hu/player?f=8.3512210.2567651.0'),
(203, 2, 422, 'https://videa.hu/player?f=8.3512212.2567651.0'),
(204, 2, 423, 'https://videa.hu/player?f=8.3512215.2567651.0'),
(205, 2, 424, 'https://videa.hu/player?f=8.3512217.2567651.0'),
(206, 2, 425, 'https://videa.hu/player?f=8.3512222.2567651.0'),
(207, 2, 426, 'https://videa.hu/player?f=8.3512226.2567651.0'),
(210, 1, 414, 'https://embed.indavideo.hu/player/video/9573c794b9'),
(211, 1, 415, 'https://embed.indavideo.hu/player/video/785f2c2b7e'),
(212, 1, 416, 'https://embed.indavideo.hu/player/video/c296a70149'),
(213, 1, 417, 'https://embed.indavideo.hu/player/video/4cdb1b0d49'),
(214, 1, 418, 'https://embed.indavideo.hu/player/video/43b1d82580'),
(215, 1, 419, 'https://embed.indavideo.hu/player/video/5af48c15c8'),
(216, 1, 420, 'https://embed.indavideo.hu/player/video/661fe5f4f1'),
(217, 1, 421, 'https://embed.indavideo.hu/player/video/12cc8e6ff1'),
(218, 1, 422, 'https://embed.indavideo.hu/player/video/342f8a0df7'),
(219, 1, 423, 'https://embed.indavideo.hu/player/video/4e5ef5c817'),
(220, 1, 424, 'https://embed.indavideo.hu/player/video/b25f90a4c8'),
(221, 1, 425, 'https://embed.indavideo.hu/player/video/432d24adbf'),
(222, 1, 426, 'https://embed.indavideo.hu/player/video/1dbebe332f'),
(225, 2, 429, 'https://videa.hu/player?f=8.3614726.2567651.0'),
(226, 2, 430, 'https://videa.hu/player?f=8.3614728.2567651.0'),
(227, 2, 431, 'https://videa.hu/player?f=8.3614729.2567651.0'),
(228, 2, 432, 'https://videa.hu/player?f=8.3614731.2567651.0'),
(229, 2, 433, 'https://videa.hu/player?f=8.3614734.2567651.0'),
(230, 2, 434, 'https://videa.hu/player?f=8.3614736.2567651.0'),
(231, 2, 435, 'https://videa.hu/player?f=8.3614740.2567651.0'),
(232, 2, 436, 'https://videa.hu/player?f=8.3614742.2567651.0'),
(233, 2, 437, 'https://videa.hu/player?f=8.3614744.2567651.0'),
(234, 2, 438, 'https://videa.hu/player?f=8.3614746.2567651.0'),
(235, 2, 439, 'https://videa.hu/player?f=8.3614749.2567651.0'),
(236, 2, 440, 'https://videa.hu/player?f=8.3614750.2567651.0'),
(237, 2, 441, 'https://videa.hu/player?f=8.3614770.2567651.0'),
(240, 1, 429, 'https://embed.indavideo.hu/player/video/7fb82b04ab'),
(241, 1, 430, 'https://embed.indavideo.hu/player/video/a288885c84'),
(242, 1, 431, 'https://embed.indavideo.hu/player/video/6f0461de5a'),
(243, 1, 432, 'https://embed.indavideo.hu/player/video/7b5696b6af'),
(244, 1, 433, 'https://embed.indavideo.hu/player/video/d485984132'),
(245, 1, 434, 'https://embed.indavideo.hu/player/video/53a3a132d7'),
(246, 1, 435, 'https://embed.indavideo.hu/player/video/044d2b204c'),
(247, 1, 436, 'https://embed.indavideo.hu/player/video/5cdb432c01'),
(248, 1, 437, 'https://embed.indavideo.hu/player/video/b780054ecf'),
(249, 1, 438, 'https://embed.indavideo.hu/player/video/de8efd45e6'),
(250, 1, 439, 'https://embed.indavideo.hu/player/video/414fad9d90'),
(251, 1, 440, 'https://embed.indavideo.hu/player/video/1945c7ada8'),
(252, 1, 441, 'https://embed.indavideo.hu/player/video/a6dffb538f'),
(255, 2, 1, 'https://videa.hu/player?f=8.2115862.1265416.0'),
(256, 2, 2, 'https://videa.hu/player?f=8.2122583.1265416.0'),
(257, 2, 3, 'https://videa.hu/player?f=8.2128854.1265416.0'),
(258, 2, 4, 'https://videa.hu/player?f=8.2172886.1265416.0'),
(259, 2, 5, 'https://videa.hu/player?f=8.2180532.1265416.0'),
(260, 2, 6, 'https://videa.hu/player?f=8.2186899.1265416.0'),
(261, 2, 7, 'https://videa.hu/player?f=8.2191775.1265416.0'),
(262, 2, 8, 'https://videa.hu/player?f=8.2198591.1265416.0'),
(263, 2, 9, 'https://videa.hu/player?f=8.2203161.1265416.0'),
(264, 2, 10, 'https://videa.hu/player?f=8.2218117.1265416.0'),
(265, 2, 11, 'https://videa.hu/player?f=8.2219917.1265416.0'),
(266, 2, 12, 'https://videa.hu/player?f=8.2231170.1265416.0'),
(270, 1, 16, 'https://embed.indavideo.hu/player/video/1504c218d3'),
(271, 1, 17, 'https://embed.indavideo.hu/player/video/17bab4906e'),
(272, 1, 18, 'https://embed.indavideo.hu/player/video/d4318f45b7'),
(273, 1, 19, 'https://embed.indavideo.hu/player/video/00c5c20d53'),
(274, 1, 20, 'https://embed.indavideo.hu/player/video/1363d8f66f'),
(275, 1, 21, 'https://embed.indavideo.hu/player/video/a4c4bfa4bf'),
(276, 1, 22, 'https://embed.indavideo.hu/player/video/f84f2721bd'),
(277, 1, 23, 'https://embed.indavideo.hu/player/video/10a1901a40'),
(278, 1, 24, 'https://embed.indavideo.hu/player/video/4793124702'),
(279, 1, 25, 'https://embed.indavideo.hu/player/video/c3abea8c53'),
(280, 1, 26, 'https://embed.indavideo.hu/player/video/9bf6fea98e'),
(281, 1, 27, 'https://embed.indavideo.hu/player/video/5023d038ca'),
(282, 1, 28, 'https://embed.indavideo.hu/player/video/04177bca42'),
(285, 2, 31, 'https://videa.hu/player?v=2dSQaZt8ARheeksS'),
(286, 2, 32, 'https://videa.hu/player?v=JY5hTJzRyJ3YvKD6'),
(287, 2, 33, 'https://videa.hu/player?v=DDyMVmFaaUodAeo2'),
(288, 2, 34, 'https://videa.hu/player?v=OdmF3xxnYYNXbsxZ'),
(289, 2, 35, 'https://videa.hu/player?v=AMQvwmCCGiHqIBWo'),
(290, 2, 36, 'https://videa.hu/player?v=5f0riFjIUCjkttkT'),
(291, 2, 37, 'https://videa.hu/player?v=k9WZbCuGpAx32Fd0'),
(292, 2, 38, 'https://videa.hu/player?v=i7xrLt8awWerbNUS'),
(293, 2, 39, 'https://videa.hu/player?v=eYgdFf3XE0ksP8ic'),
(294, 2, 40, 'https://videa.hu/player?v=e4jdYSIPrekNZTQK'),
(295, 2, 41, 'https://videa.hu/player?v=dBua0mH5UU0unazY'),
(296, 2, 42, 'https://videa.hu/player?v=BJ6hZBfsDpET0kjj'),
(297, 2, 43, 'https://videa.hu/player?v=Iz5yIuuy8GNU55yb'),
(298, 2, 44, 'https://videa.hu/player?v=q4suAuWjY5AHFYi1'),
(299, 2, 45, 'https://videa.hu/player?v=XVKv7OQgZzRuTPo7'),
(300, 2, 46, 'https://videa.hu/player?v=5tapvxcG48D7hsRD'),
(301, 2, 47, 'https://videa.hu/player?v=BpzweDplCKeCWPL0'),
(302, 2, 48, 'https://videa.hu/player?v=se2P3vcU4YWnQk7Q'),
(303, 2, 49, 'https://videa.hu/player?v=DbXitw1vutjBnz8L'),
(304, 2, 50, 'https://videa.hu/player?v=C7OiOIp7RVYO8zb8'),
(305, 2, 51, 'https://videa.hu/player?v=MjVA6PMDXQtgJzJv'),
(306, 2, 52, 'https://videa.hu/player?v=7ESfXTiAYWyvi2KI'),
(307, 2, 53, 'https://videa.hu/player?v=I1APXGB0HqBolMJr'),
(308, 2, 54, 'https://videa.hu/player?v=TtnCaifof9WxiXRc'),
(316, 1, 62, 'https://embed.indavideo.hu/player/video/86dd4bef6d'),
(317, 1, 63, 'https://embed.indavideo.hu/player/video/14ec055ca2'),
(318, 1, 64, 'https://embed.indavideo.hu/player/video/f9ee121743'),
(319, 1, 65, 'https://embed.indavideo.hu/player/video/85537f7dda'),
(320, 1, 66, 'https://embed.indavideo.hu/player/video/58c17a1a16'),
(321, 1, 67, 'https://embed.indavideo.hu/player/video/74406e2eb8'),
(322, 1, 68, 'https://embed.indavideo.hu/player/video/be7f1a793c'),
(323, 1, 69, 'https://embed.indavideo.hu/player/video/9a35c1f226'),
(324, 1, 70, 'https://embed.indavideo.hu/player/video/9c44d85d15'),
(325, 1, 71, 'https://embed.indavideo.hu/player/video/8f9bda6fb2'),
(326, 1, 72, 'https://embed.indavideo.hu/player/video/9a9df5b775'),
(327, 1, 73, 'https://embed.indavideo.hu/player/video/745e52f031'),
(331, 1, 77, 'https://embed.indavideo.hu/player/video/80bb6b6714'),
(332, 1, 78, 'https://embed.indavideo.hu/player/video/984bfc889d'),
(333, 1, 79, 'https://embed.indavideo.hu/player/video/dcc8125f9f'),
(334, 1, 80, 'https://embed.indavideo.hu/player/video/dcefc47071'),
(335, 1, 81, 'https://embed.indavideo.hu/player/video/6fa8ba8e9a'),
(336, 1, 82, 'https://embed.indavideo.hu/player/video/42ed4c1054'),
(337, 1, 83, 'https://embed.indavideo.hu/player/video/c2b3ffc5d0'),
(338, 1, 84, 'https://embed.indavideo.hu/player/video/63231b7a3b'),
(339, 1, 85, 'https://embed.indavideo.hu/player/video/0689ded9a7'),
(340, 1, 86, 'https://embed.indavideo.hu/player/video/5c51714948'),
(341, 1, 87, 'https://embed.indavideo.hu/player/video/1ee64d64cf'),
(342, 1, 88, 'https://embed.indavideo.hu/player/video/1384c87c5e'),
(343, 1, 89, 'https://embed.indavideo.hu/player/video/e46712c7fc'),
(344, 1, 90, 'https://embed.indavideo.hu/player/video/bfac23292a'),
(345, 1, 91, 'https://embed.indavideo.hu/player/video/92ed6af747'),
(346, 1, 92, 'https://embed.indavideo.hu/player/video/95538b94c9'),
(347, 1, 93, 'https://embed.indavideo.hu/player/video/583658e9fa'),
(348, 1, 94, 'https://embed.indavideo.hu/player/video/f06a35010f'),
(349, 1, 95, 'https://embed.indavideo.hu/player/video/46967b8a86'),
(350, 1, 96, 'https://embed.indavideo.hu/player/video/5312a55760'),
(351, 1, 97, 'https://embed.indavideo.hu/player/video/84828cf5b5'),
(352, 1, 98, 'https://embed.indavideo.hu/player/video/7da260787d'),
(353, 1, 99, 'https://embed.indavideo.hu/player/video/c54c0b32c5'),
(354, 1, 100, 'https://embed.indavideo.hu/player/video/d2667c65b2'),
(355, 1, 101, 'https://embed.indavideo.hu/player/video/6c6366c214'),
(356, 1, 102, 'https://embed.indavideo.hu/player/video/0fb10f877a'),
(357, 1, 103, 'https://embed.indavideo.hu/player/video/f675e1942b'),
(358, 1, 104, 'https://embed.indavideo.hu/player/video/4fd84456b2'),
(359, 1, 105, 'https://embed.indavideo.hu/player/video/365b5ceb9d'),
(360, 1, 106, 'https://embed.indavideo.hu/player/video/d5708805f1'),
(361, 1, 107, 'https://embed.indavideo.hu/player/video/dd919614b6'),
(362, 1, 108, 'https://embed.indavideo.hu/player/video/8fa4d39fb6'),
(363, 1, 109, 'https://embed.indavideo.hu/player/video/6aac26007e'),
(364, 1, 110, 'https://embed.indavideo.hu/player/video/2891b1c309'),
(365, 1, 111, 'https://embed.indavideo.hu/player/video/e90bb11d49'),
(366, 1, 112, 'https://embed.indavideo.hu/player/video/7d43b7cdb7'),
(367, 1, 113, 'https://embed.indavideo.hu/player/video/8bd41eaa94'),
(394, 1, 140, 'https://embed.indavideo.hu/player/video/daf32ea189'),
(395, 1, 141, 'https://embed.indavideo.hu/player/video/c41f1abc8e'),
(396, 1, 142, 'https://embed.indavideo.hu/player/video/16a0969e8c'),
(397, 1, 143, 'https://embed.indavideo.hu/player/video/37d001e9e6'),
(398, 1, 144, 'https://embed.indavideo.hu/player/video/5002520ad9'),
(399, 1, 145, 'https://embed.indavideo.hu/player/video/97d4e442e4'),
(400, 1, 146, 'https://embed.indavideo.hu/player/video/5e1d8bb270'),
(401, 1, 147, 'https://embed.indavideo.hu/player/video/767a12f315'),
(402, 1, 148, 'https://embed.indavideo.hu/player/video/7a02260740'),
(403, 1, 149, 'https://embed.indavideo.hu/player/video/f8d54e22e4'),
(404, 1, 150, 'https://embed.indavideo.hu/player/video/60eb4cbc94'),
(405, 1, 151, 'https://embed.indavideo.hu/player/video/891dc7228d'),
(409, 2, 155, 'https://videa.hu/player?f=8.3560746.2567651.0'),
(410, 2, 156, 'https://videa.hu/player?f=8.3560748.2567651.0'),
(411, 2, 157, 'https://videa.hu/player?f=8.3560751.2567651.0'),
(412, 2, 158, 'https://videa.hu/player?f=8.3560754.2567651.0'),
(413, 2, 159, 'https://videa.hu/player?f=8.3560755.2567651.0'),
(414, 2, 160, 'https://videa.hu/player?f=8.3560757.2567651.0'),
(415, 2, 161, 'https://videa.hu/player?f=8.3560758.2567651.0'),
(416, 2, 162, 'https://videa.hu/player?f=8.3560759.2567651.0'),
(417, 2, 163, 'https://videa.hu/player?f=8.3560762.2567651.0'),
(418, 2, 164, 'https://videa.hu/player?f=8.3560764.2567651.0'),
(419, 2, 165, 'https://videa.hu/player?f=8.3560765.2567651.0'),
(420, 2, 166, 'https://videa.hu/player?f=8.3560766.2567651.0'),
(424, 1, 155, 'https://embed.indavideo.hu/player/video/d66d262168'),
(425, 1, 156, 'https://embed.indavideo.hu/player/video/3d3d9f0d8c'),
(426, 1, 157, 'https://embed.indavideo.hu/player/video/8a95a56701'),
(427, 1, 158, 'https://embed.indavideo.hu/player/video/c56c8cc6d1'),
(428, 1, 159, 'https://embed.indavideo.hu/player/video/3dbeb8f44b'),
(429, 1, 160, 'https://embed.indavideo.hu/player/video/d7c24a0cd4'),
(430, 1, 161, 'https://embed.indavideo.hu/player/video/12ede6d57a'),
(431, 1, 162, 'https://embed.indavideo.hu/player/video/143b05de62'),
(432, 1, 163, 'https://embed.indavideo.hu/player/video/5e48f94d15'),
(433, 1, 164, 'https://embed.indavideo.hu/player/video/58112899a6'),
(434, 1, 165, 'https://embed.indavideo.hu/player/video/4275627db7'),
(435, 1, 166, 'https://embed.indavideo.hu/player/video/d86eccd741'),
(439, 2, 170, 'https://videa.hu/player?f=8.3543680.2511611.0'),
(440, 2, 171, 'https://videa.hu/player?f=8.2489879.2293168.0'),
(441, 2, 172, 'https://videa.hu/player?f=8.2525235.2293168.0'),
(443, 1, 173, 'https://embed.indavideo.hu/player/video/099e58472f'),
(444, 1, 174, 'https://embed.indavideo.hu/player/video/877fd5e4b5'),
(445, 1, 175, 'https://embed.indavideo.hu/player/video/405a5cebf1'),
(446, 1, 176, 'https://embed.indavideo.hu/player/video/bb06183bbf'),
(447, 1, 177, 'https://embed.indavideo.hu/player/video/6599cfb69c'),
(448, 1, 178, 'https://embed.indavideo.hu/player/video/1e082510f9'),
(449, 1, 179, 'https://embed.indavideo.hu/player/video/af306d4f8e'),
(450, 1, 180, 'https://embed.indavideo.hu/player/video/5eee4bc5ba'),
(451, 1, 181, 'https://embed.indavideo.hu/player/video/683a075798'),
(452, 1, 182, 'https://embed.indavideo.hu/player/video/ed3d032401'),
(458, 1, 186, 'https://embed.indavideo.hu/player/video/cd39c718c9'),
(459, 1, 187, 'https://embed.indavideo.hu/player/video/37c2335883'),
(460, 1, 188, 'https://embed.indavideo.hu/player/video/b5be7f0eee'),
(461, 1, 189, 'https://embed.indavideo.hu/player/video/79764fadac'),
(462, 1, 190, 'https://embed.indavideo.hu/player/video/d6e1f0b654'),
(463, 1, 191, 'https://embed.indavideo.hu/player/video/c527b28370'),
(464, 1, 192, 'https://embed.indavideo.hu/player/video/2698ffec65'),
(465, 1, 193, 'https://embed.indavideo.hu/player/video/d7d43aac94'),
(466, 1, 194, 'https://embed.indavideo.hu/player/video/6509501c6b'),
(467, 1, 195, 'https://embed.indavideo.hu/player/video/af0574a569'),
(468, 1, 196, 'https://embed.indavideo.hu/player/video/74c9ea28db'),
(469, 1, 197, 'https://embed.indavideo.hu/player/video/bb560cd230'),
(473, 1, 201, 'https://embed.indavideo.hu/player/video/f9d74d0f4e'),
(474, 1, 202, 'https://embed.indavideo.hu/player/video/9d669499ea'),
(475, 1, 203, 'https://embed.indavideo.hu/player/video/baae22e48c'),
(476, 1, 204, 'https://embed.indavideo.hu/player/video/21c3df38eb'),
(477, 1, 205, 'https://embed.indavideo.hu/player/video/a5171b76a4'),
(480, 1, 271, 'https://embed.indavideo.hu/player/video/fdecea58b2'),
(481, 1, 272, 'https://embed.indavideo.hu/player/video/3a7aa7b0d9'),
(482, 1, 273, 'https://embed.indavideo.hu/player/video/719649f14e'),
(483, 1, 274, 'https://embed.indavideo.hu/player/video/4edfc9b24e'),
(484, 1, 275, 'https://embed.indavideo.hu/player/video/eccc761cfd'),
(485, 1, 276, 'https://embed.indavideo.hu/player/video/ddc111900b'),
(486, 1, 277, 'https://embed.indavideo.hu/player/video/78bb18f4c5'),
(487, 1, 278, 'https://embed.indavideo.hu/player/video/55c124be67'),
(488, 1, 279, 'https://embed.indavideo.hu/player/video/f3fb45b5fe'),
(489, 1, 280, 'https://embed.indavideo.hu/player/video/c5f72abfe1'),
(490, 1, 281, 'https://embed.indavideo.hu/player/video/e21d09f8f5'),
(491, 1, 282, 'https://embed.indavideo.hu/player/video/81f3049662'),
(495, 1, 286, 'https://embed.indavideo.hu/player/video/e0a35311da'),
(496, 1, 287, 'https://embed.indavideo.hu/player/video/cb180adcf2'),
(497, 1, 288, 'https://embed.indavideo.hu/player/video/eaf902bae9'),
(498, 1, 289, 'https://embed.indavideo.hu/player/video/fdf3bb29b7'),
(499, 1, 290, 'https://embed.indavideo.hu/player/video/9b9d26ff1b'),
(500, 1, 291, 'https://embed.indavideo.hu/player/video/fe1f07ca5c'),
(501, 1, 292, 'https://embed.indavideo.hu/player/video/1eaeeb3d3b'),
(502, 1, 293, 'https://embed.indavideo.hu/player/video/cbd5652f21'),
(503, 1, 294, 'https://embed.indavideo.hu/player/video/4f86e0e159'),
(504, 1, 295, 'https://embed.indavideo.hu/player/video/200ce4a234'),
(505, 1, 296, 'https://embed.indavideo.hu/player/video/4e2a293fa1'),
(506, 1, 297, 'https://embed.indavideo.hu/player/video/4769a2968f'),
(510, 1, 301, 'https://embed.indavideo.hu/player/video/77c4857cf5'),
(511, 1, 302, 'https://embed.indavideo.hu/player/video/c3d74053df'),
(512, 1, 303, 'https://embed.indavideo.hu/player/video/c8bde6eba3'),
(513, 1, 304, 'https://embed.indavideo.hu/player/video/f95103e905'),
(514, 1, 305, 'https://embed.indavideo.hu/player/video/7e7f79bbb9'),
(515, 1, 306, 'https://embed.indavideo.hu/player/video/d1c8f93fde'),
(516, 1, 307, 'https://embed.indavideo.hu/player/video/058639ca3c'),
(517, 1, 308, 'https://embed.indavideo.hu/player/video/9d39e31003'),
(518, 1, 309, 'https://embed.indavideo.hu/player/video/6c0a256112'),
(519, 1, 310, 'https://embed.indavideo.hu/player/video/993ec1e931'),
(520, 1, 311, 'https://embed.indavideo.hu/player/video/bc74255731'),
(521, 1, 312, 'https://embed.indavideo.hu/player/video/29154c662b'),
(525, 1, 316, 'https://embed.indavideo.hu/player/video/ba85a94db1'),
(526, 1, 317, 'https://embed.indavideo.hu/player/video/7b10f94e0f'),
(527, 1, 318, 'https://embed.indavideo.hu/player/video/d3bcaf894e'),
(528, 1, 319, 'https://embed.indavideo.hu/player/video/7a530cfdfc'),
(529, 1, 320, 'https://embed.indavideo.hu/player/video/6ed57904e5'),
(530, 1, 321, 'https://embed.indavideo.hu/player/video/e3b1139564'),
(531, 1, 322, 'https://embed.indavideo.hu/player/video/33ac33ef44'),
(532, 1, 323, 'https://embed.indavideo.hu/player/video/ef8500308e'),
(533, 1, 324, 'https://embed.indavideo.hu/player/video/53737bbcc4'),
(534, 1, 325, 'https://embed.indavideo.hu/player/video/3e317068b3'),
(535, 1, 326, 'https://embed.indavideo.hu/player/video/ea0cd0857a'),
(536, 1, 327, 'https://embed.indavideo.hu/player/video/b5bf126dd6'),
(540, 1, 331, 'https://embed.indavideo.hu/player/video/7c9da0082f'),
(541, 1, 332, 'https://embed.indavideo.hu/player/video/38b293e8c5'),
(542, 1, 333, 'https://embed.indavideo.hu/player/video/422b4f2708'),
(543, 1, 334, 'https://embed.indavideo.hu/player/video/a38623e2fe'),
(544, 1, 335, 'https://embed.indavideo.hu/player/video/b6afb8e625'),
(545, 1, 336, 'https://embed.indavideo.hu/player/video/d161653b28'),
(546, 1, 337, 'https://embed.indavideo.hu/player/video/3fbadf4fb1'),
(547, 1, 338, 'https://embed.indavideo.hu/player/video/1dbfbefa62'),
(548, 1, 339, 'https://embed.indavideo.hu/player/video/faf9388615'),
(549, 1, 340, 'https://embed.indavideo.hu/player/video/2f406ed6c9'),
(550, 1, 341, 'https://embed.indavideo.hu/player/video/cc543e8b80'),
(551, 1, 342, 'https://embed.indavideo.hu/player/video/ff6fab7a0b');

-- --------------------------------------------------------

--
-- Tábla szerkezet ehhez a táblához `forras_tipus`
--

CREATE TABLE `forras_tipus` (
  `id` int(11) NOT NULL,
  `nev` varchar(50) NOT NULL
) ENGINE=InnoDB DEFAULT CHARSET=utf8mb4 COLLATE=utf8mb4_hungarian_ci;

--
-- A tábla adatainak kiíratása `forras_tipus`
--

INSERT INTO `forras_tipus` (`id`, `nev`) VALUES
(1, 'Indavideo'),
(2, 'Videa');

-- --------------------------------------------------------

--
-- Tábla szerkezet ehhez a táblához `lista_elem`
--

CREATE TABLE `lista_elem` (
  `id` int(11) NOT NULL,
  `profil_id` int(11) NOT NULL,
  `anime_id` int(11) NOT NULL,
  `tipus_id` int(11) NOT NULL,
  `hozzaadva` timestamp NOT NULL DEFAULT current_timestamp()
) ENGINE=InnoDB DEFAULT CHARSET=utf8mb4 COLLATE=utf8mb4_hungarian_ci;

--
-- A tábla adatainak kiíratása `lista_elem`
--

INSERT INTO `lista_elem` (`id`, `profil_id`, `anime_id`, `tipus_id`, `hozzaadva`) VALUES
(1, 6, 1, 1, '2026-02-19 12:45:23'),
(2, 6, 3, 3, '2026-02-19 12:45:23'),
(3, 6, 5, 1, '2026-02-19 12:45:23'),
(4, 6, 13, 2, '2026-02-19 12:45:23'),
(8, 7, 4, 1, '2026-02-19 12:45:23'),
(9, 7, 2, 3, '2026-02-19 12:45:23'),
(10, 7, 6, 2, '2026-02-19 12:45:23'),
(11, 7, 7, 5, '2026-02-19 12:45:23'),
(15, 8, 1, 3, '2026-02-19 12:45:23'),
(16, 8, 8, 2, '2026-02-19 12:45:23'),
(17, 8, 11, 4, '2026-02-19 12:45:23'),
(18, 8, 3, 1, '2026-02-19 12:45:23'),
(22, 10, 5, 3, '2026-02-19 12:45:23'),
(23, 10, 12, 2, '2026-02-19 12:45:23'),
(24, 10, 4, 1, '2026-02-19 12:45:23');

-- --------------------------------------------------------

--
-- Tábla szerkezet ehhez a táblához `lista_tipus`
--

CREATE TABLE `lista_tipus` (
  `id` int(11) NOT NULL,
  `tipus` varchar(50) DEFAULT NULL
) ENGINE=InnoDB DEFAULT CHARSET=utf8mb4 COLLATE=utf8mb4_hungarian_ci;

--
-- A tábla adatainak kiíratása `lista_tipus`
--

INSERT INTO `lista_tipus` (`id`, `tipus`) VALUES
(5, 'Droppolt'),
(1, 'Kedvenc'),
(2, 'Megnézendő'),
(4, 'Nem tetszett'),
(3, 'Tetszett');

-- --------------------------------------------------------

--
-- Tábla szerkezet ehhez a táblához `profil_adatlap`
--

CREATE TABLE `profil_adatlap` (
  `id` int(11) NOT NULL,
  `email` varchar(255) NOT NULL,
  `felhasznalonev` varchar(100) NOT NULL,
  `jelszo` varchar(255) NOT NULL,
  `salt` varchar(64) NOT NULL COMMENT 'Csak egyedi hash algoritmus esetén! Bcrypt/Argon2 nem igényli.',
  `profilkep` varchar(255) DEFAULT NULL,
  `jogosultsag` int(2) NOT NULL DEFAULT 0
) ENGINE=InnoDB DEFAULT CHARSET=utf8mb4 COLLATE=utf8mb4_hungarian_ci;

--
-- A tábla adatainak kiíratása `profil_adatlap`
--

INSERT INTO `profil_adatlap` (`id`, `email`, `felhasznalonev`, `jelszo`, `salt`, `profilkep`, `jogosultsag`) VALUES
(11, 'register@teszt.com', 'register', '$2b$10$dwFY7FVl94ap8W4kGXoETOi/R3.XCf1brBwyt.RXPVI/gH2yFyWxq', '$2b$10$Lir3BXDNwGxWcwvCbEarPu', 'https://cdn-icons-png.flaticon.com/512/3177/3177440.png', 4),
(12, 'milan@animeheaven.hu', 'Milan', '$2b$10$k3crs9t475.j1U5ynfZ2i.LdMks60JHkaIRPzliBExmWPXQiSjQ3y', '$2b$10$Fk1c3IsypuEZLp20hL9Mb.', 'https://cdn-icons-png.flaticon.com/512/3177/3177440.png', 5),
(13, 'boti@animeheaven.hu', 'Boti', '$2b$10$hAG8Zi82.S5wkd/gFmWETe1HJ/.MiwkVbjgvUw5nh3kN3nyYH8Y4S', '$2b$10$JYLYVULZJTHWQ6AdaSMovO', 'https://cdn-icons-png.flaticon.com/512/3177/3177440.png', 5),
(14, 'roli@animeheaven.hu', 'Roli', '$2b$10$zwq5vis0xQPOaHabosyckObj2eYpKjji0UJOFO7qUefO4ZBOPgNuK', '$2b$10$8DvFig9x7xW3/XEoULWlXu', 'https://cdn-icons-png.flaticon.com/512/3177/3177440.png', 5),
(15, 'zsolti@gmail.com', 'Zsolti', '$2b$10$JBsg8nhoGo3bdHgjlgjb2upYOpOsgXlxcfUTgAKdKC6SacC4BIjh6', '$2b$10$qI7BlTqGF8x5jFV.a2tlKe', 'https://cdn-icons-png.flaticon.com/512/3177/3177440.png', 1),
(16, 'beni@gmail.com', 'Beni', '$2b$10$.hMcT.DlhDBIHDjOTOqB6usxYVKcUgLGpiLPUZJ1yaTO3FBBbTJBm', '$2b$10$Vyw7CtcxtprK.dg.wD0CIu', 'https://cdn-icons-png.flaticon.com/512/3177/3177440.png', 1);

-- --------------------------------------------------------

--
-- Tábla szerkezet ehhez a táblához `reszek`
--

CREATE TABLE `reszek` (
  `id` int(11) NOT NULL,
  `anime_id` int(11) NOT NULL,
  `sorrend` int(11) DEFAULT NULL,
  `resz` varchar(25) DEFAULT NULL,
  `lathatosag` tinyint(1) DEFAULT 1
) ENGINE=InnoDB DEFAULT CHARSET=utf8mb4 COLLATE=utf8mb4_hungarian_ci;

--
-- A tábla adatainak kiíratása `reszek`
--

INSERT INTO `reszek` (`id`, `anime_id`, `sorrend`, `resz`, `lathatosag`) VALUES
(1, 1, 1, '1. rész', 1),
(2, 1, 2, '2. rész', 1),
(3, 1, 3, '3. rész', 1),
(4, 1, 4, '4. rész', 1),
(5, 1, 5, '5. rész', 1),
(6, 1, 6, '6. rész', 1),
(7, 1, 7, '7. rész', 1),
(8, 1, 8, '8. rész', 1),
(9, 1, 9, '9. rész', 1),
(10, 1, 10, '10. rész', 1),
(11, 1, 11, '11. rész', 1),
(12, 1, 12, '12. rész', 1),
(16, 2, 1, '1. rész', 1),
(17, 2, 2, '2. rész', 1),
(18, 2, 3, '3. rész', 1),
(19, 2, 4, '4. rész', 1),
(20, 2, 5, '5. rész', 1),
(21, 2, 6, '6. rész', 1),
(22, 2, 7, '7. rész', 1),
(23, 2, 8, '8. rész', 1),
(24, 2, 9, '9. rész', 1),
(25, 2, 10, '10. rész', 1),
(26, 2, 11, '11. rész', 1),
(27, 2, 12, '12. rész', 1),
(28, 2, 13, '13. rész', 1),
(31, 3, 1, '1. rész', 1),
(32, 3, 2, '2. rész', 1),
(33, 3, 3, '3. rész', 1),
(34, 3, 4, '4. rész', 1),
(35, 3, 5, '5. rész', 1),
(36, 3, 6, '6. rész', 1),
(37, 3, 7, '7. rész', 1),
(38, 3, 8, '8. rész', 1),
(39, 3, 9, '9. rész', 1),
(40, 3, 10, '10. rész', 1),
(41, 3, 11, '11. rész', 1),
(42, 3, 12, '12. rész', 1),
(43, 3, 13, '13. rész', 1),
(44, 3, 14, '14. rész', 1),
(45, 3, 15, '15. rész', 1),
(46, 3, 16, '16. rész', 1),
(47, 3, 17, '17. rész', 1),
(48, 3, 18, '18. rész', 1),
(49, 3, 19, '19. rész', 1),
(50, 3, 20, '20. rész', 1),
(51, 3, 21, '21. rész', 1),
(52, 3, 22, '22. rész', 1),
(53, 3, 23, '23. rész', 1),
(54, 3, 24, '24. rész', 1),
(62, 4, 1, '1. rész', 1),
(63, 4, 2, '2. rész', 1),
(64, 4, 3, '3. rész', 1),
(65, 4, 4, '4. rész', 1),
(66, 4, 5, '5. rész', 1),
(67, 4, 6, '6. rész', 1),
(68, 4, 7, '7. rész', 1),
(69, 4, 8, '8. rész', 1),
(70, 4, 9, '9. rész', 1),
(71, 4, 10, '10. rész', 1),
(72, 4, 11, '11. rész', 1),
(73, 4, 12, '12. rész', 1),
(77, 5, 1, '1. rész', 1),
(78, 5, 2, '2. rész', 1),
(79, 5, 3, '3. rész', 1),
(80, 5, 4, '4. rész', 1),
(81, 5, 5, '5. rész', 1),
(82, 5, 6, '6. rész', 1),
(83, 5, 7, '7. rész', 1),
(84, 5, 8, '8. rész', 1),
(85, 5, 9, '9. rész', 1),
(86, 5, 10, '10. rész', 1),
(87, 5, 11, '11. rész', 1),
(88, 5, 12, '12. rész', 1),
(89, 5, 13, '13. rész', 1),
(90, 5, 14, '14. rész', 1),
(91, 5, 15, '15. rész', 1),
(92, 5, 16, '16. rész', 1),
(93, 5, 17, '17. rész', 1),
(94, 5, 18, '18. rész', 1),
(95, 5, 19, '19. rész', 1),
(96, 5, 20, '20. rész', 1),
(97, 5, 21, '21. rész', 1),
(98, 5, 22, '22. rész', 1),
(99, 5, 23, '23. rész', 1),
(100, 5, 24, '24. rész', 1),
(101, 5, 25, '25. rész', 1),
(102, 5, 26, '26. rész', 1),
(103, 5, 27, '27. rész', 1),
(104, 5, 28, '28. rész', 1),
(105, 5, 29, '29. rész', 1),
(106, 5, 30, '30. rész', 1),
(107, 5, 31, '31. rész', 1),
(108, 5, 32, '32. rész', 1),
(109, 5, 33, '33. rész', 1),
(110, 5, 34, '34. rész', 1),
(111, 5, 35, '35. rész', 1),
(112, 5, 36, '36. rész', 1),
(113, 5, 37, '37. rész', 1),
(140, 6, 1, '1. rész', 1),
(141, 6, 2, '2. rész', 1),
(142, 6, 3, '3. rész', 1),
(143, 6, 4, '4. rész', 1),
(144, 6, 5, '5. rész', 1),
(145, 6, 6, '6. rész', 1),
(146, 6, 7, '7. rész', 1),
(147, 6, 8, '8. rész', 1),
(148, 6, 9, '9. rész', 1),
(149, 6, 10, '10. rész', 1),
(150, 6, 11, '11. rész', 1),
(151, 6, 12, '12. rész', 1),
(155, 7, 1, '1. rész', 1),
(156, 7, 2, '2. rész', 1),
(157, 7, 3, '3. rész', 1),
(158, 7, 4, '4. rész', 1),
(159, 7, 5, '5. rész', 1),
(160, 7, 6, '6. rész', 1),
(161, 7, 7, '7. rész', 1),
(162, 7, 8, '8. rész', 1),
(163, 7, 9, '9. rész', 1),
(164, 7, 10, '10. rész', 1),
(165, 7, 11, '11. rész', 1),
(166, 7, 12, '12. rész', 1),
(170, 8, 1, 'Film', 1),
(171, 11, 1, '1. rész', 1),
(172, 11, 2, '2. rész', 1),
(173, 11, 3, '3. rész', 1),
(174, 11, 4, '4. rész', 1),
(175, 11, 5, '5. rész', 1),
(176, 11, 6, '6. rész', 1),
(177, 11, 7, '7. rész', 1),
(178, 11, 8, '8. rész', 1),
(179, 11, 9, '9. rész', 1),
(180, 11, 10, '10. rész', 1),
(181, 11, 11, '11. rész', 1),
(182, 11, 12, '12. rész', 1),
(186, 12, 1, '1. rész', 1),
(187, 12, 2, '2. rész', 1),
(188, 12, 3, '3. rész', 1),
(189, 12, 4, '4. rész', 1),
(190, 12, 5, '5. rész', 1),
(191, 12, 6, '6. rész', 1),
(192, 12, 7, '7. rész', 1),
(193, 12, 8, '8. rész', 1),
(194, 12, 9, '9. rész', 1),
(195, 12, 10, '10. rész', 1),
(196, 12, 11, '11. rész', 1),
(197, 12, 12, '12. rész', 1),
(201, 13, 1, '1. rész', 1),
(202, 13, 2, '2. rész', 1),
(203, 13, 3, '3. rész', 1),
(204, 13, 4, '4. rész', 1),
(205, 13, 5, '5. rész', 1),
(208, 14, 1, '1. rész', 1),
(209, 14, 2, '2. rész', 1),
(210, 14, 3, '3. rész', 1),
(211, 14, 4, '4. rész', 1),
(212, 14, 5, '5. rész', 1),
(213, 14, 6, '6. rész', 1),
(214, 14, 7, '7. rész', 1),
(215, 14, 8, '8. rész', 1),
(216, 14, 9, '9. rész', 1),
(217, 14, 10, '10. rész', 1),
(218, 14, 11, '11. rész', 1),
(219, 14, 12, '11_5. rész', 1),
(220, 14, 13, '12. rész', 1),
(221, 14, 14, '13. rész', 1),
(222, 14, 15, '14. rész', 1),
(223, 14, 16, '15. rész', 1),
(224, 14, 17, '16. rész', 1),
(225, 14, 18, '17. rész', 1),
(226, 14, 19, '18. rész', 1),
(227, 14, 20, '19. rész', 1),
(228, 14, 21, '20. rész', 1),
(229, 14, 22, '21. rész', 1),
(230, 14, 23, '21_5. rész', 1),
(231, 14, 24, '22. rész', 1),
(232, 14, 25, '23. rész', 1),
(233, 14, 26, '24. rész', 1),
(234, 14, 27, '25. rész', 1),
(235, 14, 28, '26. rész', 1),
(236, 14, 29, '27. rész', 1),
(237, 14, 30, '28. rész', 1),
(238, 14, 31, '29. rész', 1),
(239, 14, 32, '30. rész', 1),
(240, 14, 33, '31. rész', 1),
(241, 14, 34, '32. rész', 1),
(242, 14, 35, '33. rész', 1),
(243, 14, 36, '34. rész', 1),
(244, 14, 37, '35. rész', 1),
(245, 14, 38, '36. rész', 1),
(246, 14, 39, '36_5. rész', 1),
(247, 14, 40, '37. rész', 1),
(248, 14, 41, '38. rész', 1),
(249, 14, 42, '39. rész', 1),
(250, 14, 43, '40. rész', 1),
(251, 14, 44, '41. rész', 1),
(252, 14, 45, '42. rész', 1),
(253, 14, 46, '43. rész', 1),
(254, 14, 47, '44. rész', 1),
(255, 14, 48, '45. rész', 1),
(256, 14, 49, '46. rész', 1),
(257, 14, 50, '47. rész', 1),
(271, 15, 1, '1. rész', 1),
(272, 15, 2, '2. rész', 1),
(273, 15, 3, '3. rész', 1),
(274, 15, 4, '4. rész', 1),
(275, 15, 5, '5. rész', 1),
(276, 15, 6, '6. rész', 1),
(277, 15, 7, '7. rész', 1),
(278, 15, 8, '8. rész', 1),
(279, 15, 9, '9. rész', 1),
(280, 15, 10, '10. rész', 1),
(281, 15, 11, '11. rész', 1),
(282, 15, 12, '12. rész', 1),
(286, 16, 1, '1. rész', 1),
(287, 16, 2, '2. rész', 1),
(288, 16, 3, '3. rész', 1),
(289, 16, 4, '4. rész', 1),
(290, 16, 5, '5. rész', 1),
(291, 16, 6, '6. rész', 1),
(292, 16, 7, '7. rész', 1),
(293, 16, 8, '8. rész', 1),
(294, 16, 9, '9. rész', 1),
(295, 16, 10, '10. rész', 1),
(296, 16, 11, '11. rész', 1),
(297, 16, 12, '12. rész', 1),
(301, 17, 1, '1. rész', 1),
(302, 17, 2, '2. rész', 1),
(303, 17, 3, '3. rész', 1),
(304, 17, 4, '4. rész', 1),
(305, 17, 5, '5. rész', 1),
(306, 17, 6, '6. rész', 1),
(307, 17, 7, '7. rész', 1),
(308, 17, 8, '8. rész', 1),
(309, 17, 9, '9. rész', 1),
(310, 17, 10, '10. rész', 1),
(311, 17, 11, '11. rész', 1),
(312, 17, 12, '12. rész', 1),
(316, 18, 1, '1. rész', 1),
(317, 18, 2, '2. rész', 1),
(318, 18, 3, '3. rész', 1),
(319, 18, 4, '4. rész', 1),
(320, 18, 5, '5. rész', 1),
(321, 18, 6, '6. rész', 1),
(322, 18, 7, '7. rész', 1),
(323, 18, 8, '8. rész', 1),
(324, 18, 9, '9. rész', 1),
(325, 18, 10, '10. rész', 1),
(326, 18, 11, '11. rész', 1),
(327, 18, 12, '12. rész', 1),
(331, 19, 1, '1. rész', 1),
(332, 19, 2, '2. rész', 1),
(333, 19, 3, '3. rész', 1),
(334, 19, 4, '4. rész', 1),
(335, 19, 5, '5. rész', 1),
(336, 19, 6, '6. rész', 1),
(337, 19, 7, '7. rész', 1),
(338, 19, 8, '8. rész', 1),
(339, 19, 9, '9. rész', 1),
(340, 19, 10, '10. rész', 1),
(341, 19, 11, '11. rész', 1),
(342, 19, 12, '12. rész', 1),
(346, 20, 1, '1. rész', 1),
(347, 20, 2, '2. rész', 1),
(348, 20, 3, '3. rész', 1),
(349, 20, 4, '4. rész', 1),
(350, 20, 5, '5. rész', 1),
(351, 20, 6, '6. rész', 1),
(352, 20, 7, '7. rész', 1),
(353, 20, 8, '8. rész', 1),
(354, 20, 9, '9. rész', 1),
(355, 20, 10, '10. rész', 1),
(356, 20, 11, '11. rész', 1),
(357, 20, 12, '12. rész', 1),
(361, 21, 1, 'Film', 1),
(362, 22, 1, '1. rész', 1),
(363, 22, 2, '2. rész', 1),
(364, 22, 3, '3. rész', 1),
(365, 22, 4, '4. rész', 1),
(366, 22, 5, '5. rész', 1),
(367, 22, 6, '6. rész', 1),
(368, 22, 7, '7. rész', 1),
(369, 22, 8, '8. rész', 1),
(377, 23, 1, '1. rész', 1),
(378, 23, 2, '2. rész', 1),
(379, 23, 3, '3. rész', 1),
(380, 23, 4, '4. rész', 1),
(381, 23, 5, '5. rész', 1),
(382, 23, 6, '6. rész', 1),
(383, 23, 7, '7. rész', 1),
(384, 23, 8, '8. rész', 1),
(385, 23, 9, '9. rész', 1),
(386, 23, 10, '10. rész', 1),
(387, 23, 11, '11. rész', 1),
(388, 23, 12, '12. rész', 1),
(392, 24, 1, '1. rész', 1),
(393, 24, 2, '2. rész', 1),
(394, 24, 3, '3. rész', 1),
(395, 24, 4, '4. rész', 1),
(396, 24, 5, '5. rész', 1),
(397, 24, 6, '6. rész', 1),
(398, 24, 7, '7. rész', 1),
(399, 24, 8, '8. rész', 1),
(400, 24, 9, '9. rész', 1),
(401, 24, 10, '10. rész', 1),
(402, 24, 11, '11. rész', 1),
(403, 24, 12, '12. rész', 1),
(404, 24, 13, '13. rész', 1),
(407, 25, 1, '1. rész', 1),
(408, 25, 2, '2. rész', 1),
(409, 25, 3, '3. rész', 1),
(410, 25, 4, '4. rész', 1),
(411, 25, 5, '5. rész', 1),
(412, 25, 6, '6. rész', 1),
(414, 9, 1, '1. rész', 1),
(415, 9, 2, '2. rész', 1),
(416, 9, 3, '3. rész', 1),
(417, 9, 4, '4. rész', 1),
(418, 9, 5, '5. rész', 1),
(419, 9, 6, '6. rész', 1),
(420, 9, 7, '7. rész', 1),
(421, 9, 8, '8. rész', 1),
(422, 9, 9, '9. rész', 1),
(423, 9, 10, '10. rész', 1),
(424, 9, 11, '11. rész', 1),
(425, 9, 12, '12. rész', 1),
(426, 9, 13, '13. rész', 1),
(429, 10, 1, '1. rész', 1),
(430, 10, 2, '2. rész', 1),
(431, 10, 3, '3. rész', 1),
(432, 10, 4, '4. rész', 1),
(433, 10, 5, '5. rész', 1),
(434, 10, 6, '6. rész', 1),
(435, 10, 7, '7. rész', 1),
(436, 10, 8, '8. rész', 1),
(437, 10, 9, '9. rész', 1),
(438, 10, 10, '10. rész', 1),
(439, 10, 11, '11. rész', 1),
(440, 10, 12, '12. rész', 1),
(441, 10, 13, '13. rész', 1);

-- --------------------------------------------------------

--
-- Tábla szerkezet ehhez a táblához `studio_lista`
--

CREATE TABLE `studio_lista` (
  `id` int(11) NOT NULL,
  `studio_nev` varchar(255) NOT NULL
) ENGINE=InnoDB DEFAULT CHARSET=utf8mb4 COLLATE=utf8mb4_hungarian_ci;

--
-- A tábla adatainak kiíratása `studio_lista`
--

INSERT INTO `studio_lista` (`id`, `studio_nev`) VALUES
(3, '100studio'),
(2, '10Gauge'),
(6, '1IN'),
(8, '33 Collective'),
(7, '3xCube'),
(5, '5 Inc.'),
(823, '717 Animation Studio'),
(4, '7doc'),
(1, '81 Produce'),
(822, '8bit'),
(11, 'A-1 Pictures'),
(44, 'A-Line'),
(39, 'A-Real'),
(18, 'A.C.G.T.'),
(64, 'ABC Animation Studio'),
(40, 'ABC Frontier'),
(53, 'AC-Bu'),
(43, 'ACC Production'),
(38, 'Acca effe'),
(15, 'Actas'),
(37, 'ADK Emotions NY Inc.'),
(9, 'ADV Films'),
(33, 'Agent 21'),
(19, 'Ai Addiction'),
(58, 'Ai Yume Mai'),
(12, 'AIC'),
(20, 'AIC ASTA'),
(34, 'AIC Build'),
(42, 'AIC Classic'),
(26, 'AIC PLUS+'),
(69, 'AIC Project'),
(84, 'AIC Takarazuka'),
(75, 'Aiko'),
(57, 'AION Studio'),
(59, 'Aiti St.'),
(29, 'Akatsuki'),
(825, 'Akatsuki Media Studio'),
(79, 'Albacrow'),
(60, 'Alfred Imageworks'),
(61, 'Alice Production'),
(65, 'Alke'),
(25, 'Alpha Animation'),
(17, 'Alpha Group'),
(76, 'Alpha Pictures'),
(32, 'AlphaPolis'),
(74, 'Amarcord'),
(73, 'Amineworks'),
(826, 'Amuse Creative Studio'),
(63, 'An DerCen'),
(54, 'AN Entertainment'),
(45, 'Andraft'),
(80, 'ANIDO FILM'),
(52, 'Anima&Co.'),
(35, 'Animaruya'),
(68, 'Animation 501'),
(22, 'Animation Do'),
(77, 'Animation Lab Japan'),
(41, 'Animation Staff Room'),
(56, 'Anime Friend'),
(66, 'Anime Tokyo'),
(70, 'ANiMix Project'),
(10, 'Aniplex of America'),
(81, 'Ankama Animations'),
(48, 'Anon Pictures'),
(49, 'Anpro'),
(23, 'APPP'),
(13, 'AQUA ARIS'),
(46, 'Arch'),
(83, 'Arcs Create'),
(62, 'Arcturus'),
(36, 'ARCUS'),
(55, 'ARECT'),
(78, 'Ark'),
(24, 'arma bianca'),
(47, 'Artland'),
(21, 'Artmic'),
(16, 'Asahi Production'),
(28, 'Ascendent Animation'),
(30, 'Ascension'),
(14, 'Ashi Productions'),
(27, 'AT-2'),
(827, 'Atelier Peuplier'),
(51, 'Atelier Pontdarc'),
(72, 'Atorie A.B.C.'),
(71, 'Atti Production'),
(50, 'Au Praxinoscope'),
(824, 'Aubeck'),
(828, 'Aura Studio'),
(67, 'Aurora Animation'),
(82, 'Aurum Production'),
(31, 'AXsiZ'),
(829, 'Azuki'),
(94, 'B.CMAY PICTURES'),
(831, 'B.COOL STUDIO'),
(105, 'B&T'),
(102, 'Bakken Record'),
(86, 'Bandai Entertainment'),
(90, 'Bandai Namco Music Live'),
(96, 'Bandai Visual USA'),
(107, 'Bebow'),
(122, 'Beijing Rocen Digital'),
(119, 'Beijing Sunchime Happy Culture Company'),
(112, 'Bellnox Films'),
(117, 'Benlai Pictures'),
(830, 'BENTEN Film'),
(121, 'Bianyue Culture'),
(110, 'Bibury Animation CG'),
(95, 'Big Firebird Culture'),
(114, 'Big Pine Animation Studio'),
(109, 'Big Wing'),
(832, 'BIGBIGSUN'),
(108, 'Bigcat Studio'),
(85, 'bilibili'),
(120, 'Bitgang'),
(113, 'Blaze Studio'),
(92, 'Blue bread'),
(99, 'Blue Cat'),
(115, 'Blue Moon Studio Inc.'),
(116, 'Blue Note'),
(100, 'BOMB! CUTE! BOMB!'),
(87, 'Bones'),
(111, 'Borutong'),
(97, 'Bouncy'),
(104, 'Boyan Pictures'),
(93, 'Bridge'),
(118, 'Brio Animation'),
(89, 'BS Fuji'),
(91, 'BS NTV'),
(101, 'BS TV Tokyo'),
(106, 'Buemon'),
(103, 'BUG FILMS'),
(833, 'bushes'),
(88, 'Bushiroad'),
(98, 'BYMENT'),
(155, 'C and R'),
(125, 'C-Station'),
(154, 'C&S Production'),
(140, 'Cafe de Jeilhouse'),
(138, 'CANON RECORDINGS'),
(133, 'CBS Sony Group'),
(126, 'CCTV Animation Group'),
(147, 'CD Projekt Red'),
(153, 'Chenghuang Yinghua'),
(142, 'Children\'s Corner'),
(157, 'Chimu Jika Hatsuden'),
(134, 'Chiptune'),
(128, 'CHOCOLATE'),
(146, 'Chongzhuo Animation'),
(152, 'CinePix'),
(150, 'Circle Tribute'),
(148, 'Circus Production'),
(130, 'CLAP'),
(131, 'Cloud Hearts'),
(132, 'CloverWorks'),
(136, 'Coastline Animation Studio'),
(143, 'Cocktail Media'),
(139, 'cogitoworks'),
(127, 'Collaboration Works'),
(156, 'Concept Films'),
(129, 'Craftar Studios'),
(144, 'Creative House Pocket'),
(135, 'Creative Power Entertaining'),
(141, 'Creators Dot Com'),
(123, 'Creators in Pack'),
(151, 'CREi'),
(124, 'Crunchyroll SC Anime Fund'),
(145, 'CUC Anima'),
(137, 'CUCURI'),
(149, 'Cutie Bee'),
(173, 'D.ROCK-ART'),
(184, 'D\'ART Shtajio'),
(190, 'Da Huoniao Donghua'),
(166, 'Daewon Media'),
(183, 'Dai-Ichi Douga'),
(175, 'Dancing CG Studio'),
(164, 'DandeLion Animation Studio'),
(169, 'Dangun Pictures'),
(174, 'Datama Film'),
(160, 'David Production'),
(189, 'Dawn Animation'),
(187, 'Days'),
(185, 'Daysview Animation'),
(177, 'Dazzling Star'),
(170, 'DC Impression Vision'),
(165, 'Decovocal'),
(186, 'Delpic'),
(172, 'Deregula'),
(171, 'DiC Entertainment'),
(176, 'Digital Network Animation'),
(158, 'Discotek Media'),
(161, 'Disney Platform Distribution'),
(181, 'Diwphalanx Records'),
(180, 'Djinn Power'),
(159, 'DLE'),
(162, 'DMM.futureworks'),
(163, 'Dongwoo A&E'),
(182, 'Dongyang Animation'),
(188, 'Drawing and Manual'),
(167, 'Dream Entertainment'),
(178, 'drop'),
(834, 'dugout'),
(179, 'Dyna Method'),
(168, 'Dynamo Pictures'),
(214, 'e-notion'),
(194, 'E&G Films'),
(198, 'Eallin'),
(196, 'East Fish Studio'),
(192, 'Echoes'),
(197, 'EDGE'),
(204, 'Egg'),
(191, 'Eiken'),
(203, 'EKACHI EPILKA'),
(212, 'Ekakiya'),
(201, 'Ekura Animal'),
(202, 'Elias'),
(200, 'Emon'),
(195, 'Encourage Films'),
(193, 'ENGI'),
(199, 'Enishiya'),
(206, 'Enjin Productions'),
(211, 'Enzo Animation'),
(205, 'Escape Velocity Animation'),
(209, 'Eshoya Honpo'),
(213, 'Ether Kitten'),
(210, 'evg'),
(208, 'Executive Decision'),
(215, 'Ezo Kobo'),
(207, 'Ezόla'),
(835, 'Fantawild Animation'),
(217, 'Fanworks'),
(216, 'feel.'),
(219, 'Felix Film'),
(220, 'Fenz'),
(226, 'Fever Creations'),
(225, 'flag Co.'),
(218, 'Flat Studio'),
(224, 'Flying Fish Studio'),
(222, 'Front Line'),
(221, 'Fuji Creative'),
(223, 'Fukushima Gaina'),
(240, 'G-angle'),
(243, 'G-Lam'),
(249, 'G.P Entertainment'),
(251, 'G&G Direction'),
(252, 'Ga-Crew'),
(239, 'Gaina'),
(231, 'Gainax'),
(250, 'Gainax Kyoto'),
(257, 'Gambit'),
(236, 'GANSIS'),
(247, 'GARDEN LODGE'),
(256, 'Garyuu Studio'),
(233, 'Gathering'),
(263, 'GAV Video'),
(237, 'Geek Toys'),
(230, 'Geidai Animation'),
(246, 'GEMBA'),
(227, 'Geneon Entertainment USA'),
(232, 'Geneon Universal Entertainment'),
(241, 'Geno Studio'),
(245, 'Gift-o’-Animation'),
(248, 'Giga Production'),
(255, 'Ginga Teikoku'),
(836, 'GoHands'),
(262, 'Gonzino'),
(228, 'Gonzo'),
(238, 'Good Smile Film'),
(264, 'Gosay Studio'),
(235, 'Graphinica'),
(244, 'Gravity Well'),
(234, 'Green Bunny'),
(258, 'Green Monster Team'),
(260, 'Griot Groove'),
(254, 'GRIZZLY'),
(265, 'Grom'),
(229, 'Group TAC'),
(242, 'Grouper Productions'),
(259, 'GUMBLAB'),
(261, 'Gunners'),
(253, 'Guton Animation Studio'),
(285, 'Hai An Xian Donghua Gongzuo Shi'),
(274, 'Hand to Mouse.'),
(287, 'Hanjin Animation'),
(266, 'Haoliners Animation League'),
(268, 'Happinet Phantom Studios'),
(279, 'Happy Toon'),
(282, 'happyproject'),
(271, 'Hayabusa Film'),
(284, 'Hei Chao Yinghua'),
(286, 'helo.inc'),
(270, 'Hifumi'),
(281, 'Hifumi Shobo'),
(269, 'High Energy Studio'),
(278, 'HM Heros'),
(277, 'HMCH'),
(837, 'Hololive Production'),
(283, 'Honoo'),
(267, 'Hoods Entertainment'),
(273, 'Horannabi'),
(272, 'Horgos Coloroom Pictures'),
(275, 'HS Pictures Studio'),
(280, 'Hu Po Donghua'),
(276, 'Husio Studio'),
(295, 'I.Gzwei'),
(290, 'Iconix Entertainment'),
(302, 'iDRAGONS Creative Studio'),
(300, 'iDreamSky'),
(291, 'Ijigen Tokyo'),
(307, 'IKK Room'),
(289, 'ILCA'),
(297, 'Image House'),
(304, 'Imagestone Inc.'),
(305, 'Imagica Digitalscape'),
(308, 'Imagica Imageworks'),
(292, 'Imagica Infos'),
(294, 'IMAGICA Lab.'),
(293, 'Imagin'),
(296, 'Imagineer'),
(299, 'Infinity Vision'),
(301, 'Inugoya'),
(288, 'iQIYI'),
(306, 'Ishibashi Planning'),
(303, 'Ishimori Entertainment'),
(298, 'Issen'),
(314, 'J.C.F.'),
(316, 'J.K.I'),
(311, 'J.T.P.P.'),
(315, 'Japan Taps'),
(312, 'JCF'),
(318, 'Jichitai Anime'),
(319, 'JJJOY Animation Studios'),
(317, 'JOF'),
(313, 'Joker Films'),
(309, 'Jumondou'),
(310, 'Jumonji'),
(345, 'K contents'),
(351, 'Kaca Entertainment'),
(321, 'Kachidoki Studio'),
(344, 'Kachigarasu'),
(342, 'Kagome Company'),
(343, 'KaKa Technology Studio'),
(346, 'Kami Kukan'),
(323, 'Kamikaze Douga'),
(327, 'Kanaban Graphics'),
(352, 'Karasfilms'),
(325, 'Kate Arrow'),
(341, 'Keica'),
(348, 'Kent House'),
(338, 'Kid+Kid Animation Studio'),
(349, 'Kigumi'),
(336, 'Kill Time Communication'),
(353, 'Kinematics'),
(339, 'Kitchen Ltd.'),
(326, 'Kitty Film Mitaka Studio'),
(350, 'KKC Animation Production'),
(328, 'Koei'),
(329, 'Koinrush Studio'),
(335, 'Konami animation'),
(331, 'Konami Cross Media NY'),
(333, 'Korean Academy of Film Arts'),
(322, 'KSS'),
(334, 'Kuaikan Manhua'),
(332, 'Kung Fu Frog Animation'),
(324, 'Kuri Jikken Manga Koubou'),
(340, 'Kusama Art'),
(320, 'Kyoto Animation'),
(330, 'Kyoto Broadcasting System'),
(337, 'Kyoto University of the Arts'),
(347, 'Kyushu Network Animation'),
(367, 'l-a-unch・BOX'),
(357, 'L²Studio'),
(371, 'Lan Ying Yingshi'),
(358, 'Lapin Track'),
(361, 'Larx Entertainment'),
(356, 'Lay-duce'),
(370, 'LB Commerce'),
(373, 'Lead'),
(355, 'Lerche'),
(374, 'LEVELS'),
(362, 'Lidenfilms'),
(359, 'Light Chaser Animation Studios'),
(369, 'Lingsanwu Animation'),
(363, 'Liu Cong Animation'),
(372, 'Liu Lin Yi Dongman'),
(368, 'Live2D Creative Studio'),
(364, 'Liyu Culture'),
(365, 'Locus Corporation'),
(354, 'Lune-Pictures'),
(366, 'LX Animation Studio'),
(360, 'Lyrics'),
(416, 'M&M'),
(396, 'Maboroshi Koubou'),
(376, 'Madhouse'),
(408, 'Magia Doraglier'),
(380, 'Magic Bus'),
(377, 'Magic Capsule'),
(420, 'Magma Studio'),
(391, 'Maho Film'),
(382, 'Maiden Japan'),
(392, 'Making Animation'),
(404, 'Manga Productions'),
(384, 'Manglobe'),
(379, 'MAPPA'),
(407, 'Maro Studio'),
(421, 'Marone'),
(413, 'maroyaka'),
(411, 'Maru Animation'),
(386, 'Marvelous AQL'),
(389, 'Marza Animation Planet'),
(409, 'MASTER LIGHTS'),
(422, 'MAT'),
(388, 'Maxilla'),
(402, 'MB planning'),
(378, 'Mediabank'),
(397, 'MediaNet Pictures'),
(403, 'Melissa'),
(393, 'Meltdown'),
(419, 'MI'),
(399, 'Micro House'),
(383, 'miHoYoAnime'),
(414, 'Miki Production'),
(415, 'Mikimoto Production'),
(394, 'Mili Pictures'),
(385, 'Millepensee'),
(390, 'Mimoid'),
(395, 'Minakata Laboratory'),
(401, 'Miota'),
(387, 'Mirai Film'),
(424, 'Mirai Fusion'),
(418, 'Miyuki Production'),
(406, 'MMT Technology'),
(417, 'MoMo Production'),
(405, 'Momoi Planning'),
(398, 'monofilmo'),
(423, 'Mook DLE'),
(410, 'Moss Design Unit'),
(400, 'Mousou Senka'),
(375, 'Movic'),
(412, 'Multi Access Company'),
(381, 'Mushi Production'),
(436, 'NADA Holdings'),
(428, 'Nagoya Broadcasting Network'),
(442, 'Nagoya University of Arts and Sciences'),
(444, 'Namu Animation'),
(443, 'NANON CREATIVE'),
(440, 'Natural High'),
(838, 'NAZ'),
(445, 'Neft Film'),
(448, 'Nekonigashi Inc.'),
(429, 'NetEase'),
(431, 'Netflix'),
(439, 'Netmarble'),
(450, 'Network Kouenji Studio'),
(433, 'New Generation'),
(447, 'NEWON'),
(453, 'Next'),
(435, 'Nexus'),
(438, 'NHK Art'),
(426, 'NHK Enterprises'),
(839, 'Nice Boat Animation'),
(434, 'Niceboat Animation'),
(446, 'Nichicaline'),
(432, 'NichiNare'),
(425, 'Nihon Ad Systems'),
(451, 'Nippon Ramayana Film'),
(441, 'Nippon TV Douga'),
(452, 'Nishiki Studio'),
(449, 'nobishiro lab'),
(430, 'Nomad'),
(437, 'Noovo'),
(427, 'NuTech Digital'),
(465, 'October Media'),
(458, 'Oddjob'),
(473, 'Odolttogi'),
(463, 'Office AO'),
(474, 'Office DCI'),
(460, 'Office No. 8'),
(455, 'Office TakeOut'),
(464, 'Okumaza'),
(461, 'Okuruto Noboru'),
(454, 'OLM'),
(457, 'OLM Digital'),
(466, 'Onion Studio'),
(459, 'Onionskin'),
(470, 'ONIRO'),
(462, 'ORADA COMPANY'),
(456, 'Orange'),
(468, 'ORCEN'),
(472, 'ORENDA'),
(475, 'Original Dream'),
(467, 'Outline'),
(469, 'Oyster'),
(471, 'OZ'),
(501, 'P core'),
(486, 'Painting Dream'),
(514, 'Pak Production'),
(492, 'Palm Studio'),
(510, 'Pancake'),
(509, 'Paper Animation'),
(503, 'Paper Plane Animation Studio'),
(497, 'Passion Paint Animation'),
(493, 'Pb Animation'),
(484, 'Peak Hunt'),
(511, 'Penta Show Studios'),
(485, 'pH Studio'),
(518, 'Picona'),
(481, 'Picture Magic'),
(480, 'Pie in the sky'),
(519, 'Piko Studio'),
(513, 'Pink Cat'),
(487, 'Pinkfong'),
(490, 'Piso Studio'),
(506, 'Planet Cartoon'),
(516, 'Planet Nemo Animation'),
(488, 'Platinum Vision'),
(491, 'Plum'),
(496, 'Pmats9 studio'),
(504, 'Point Pictures'),
(499, 'Pollyanna Graphics'),
(517, 'Poly Animation'),
(507, 'Polygon Magic'),
(477, 'Polygon Pictures'),
(479, 'Pony Canyon Enterprises'),
(520, 'PoPoCo'),
(495, 'Pops Inc.'),
(515, 'Potato House'),
(483, 'PP Project'),
(489, 'PRA'),
(494, 'PrimeTime'),
(502, 'Production D.M.H'),
(505, 'production doA'),
(476, 'Production I.G'),
(482, 'Production Reed'),
(508, 'Production Wave'),
(478, 'Project No.9'),
(500, 'Project Studio Q'),
(512, 'Project Team Muu'),
(498, 'Project Team Sarah'),
(525, 'Qianqi Animation'),
(524, 'Qingxiang Culture'),
(527, 'Qiying Animation'),
(522, 'qmotri'),
(523, 'Quad'),
(526, 'Qualia Animation'),
(529, 'QualiArts'),
(528, 'Quebico'),
(521, 'Qzil.la'),
(535, 'R11R'),
(538, 'Rabbit Machine'),
(530, 'Radix'),
(540, 'Raiose'),
(547, 'Rankin/Bass Productions'),
(544, 'Ranzai Studio'),
(545, 'REALTHING'),
(532, 'Red Dog Culture House'),
(546, 'Reiki Eyes Animation'),
(542, 'Reirs'),
(534, 'Revoroot'),
(531, 'RG Animation Studios'),
(541, 'Rhythmos'),
(539, 'Ripromo'),
(533, 'Rising Force'),
(543, 'Rock\'n Roll Mountain'),
(537, 'ROLL2'),
(536, 'Ryuu M\'s'),
(679, 'Saber Works'),
(613, 'Saetta'),
(577, 'Saigo no Shudan'),
(659, 'Sakura Eiga-sha'),
(558, 'Sammy'),
(648, 'Samsara Animation Studio'),
(660, 'Sankaku'),
(561, 'SANZIGEN'),
(681, 'Sasayuri'),
(646, 'Scarlett'),
(572, 'Science SARU'),
(582, 'Scooter Films'),
(601, 'SEK Studios'),
(583, 'SELFISH'),
(556, 'Seven'),
(567, 'Seven Arcs'),
(614, 'Shanghai Hippo Animation'),
(610, 'Sharefun Studio'),
(687, 'Shenfan Animation'),
(581, 'Shengying Animation'),
(595, 'Shenman Entertainment'),
(592, 'Shimogumi'),
(552, 'Shin-Ei Animation'),
(604, 'Shindeban Film'),
(621, 'Shinjukuza'),
(584, 'Shion'),
(569, 'Shirogumi'),
(616, 'Shochiku Animation Institute'),
(555, 'Showgate'),
(549, 'Shueisha'),
(574, 'Shuka'),
(609, 'Shura'),
(617, 'Shykeumo Animation Studio'),
(630, 'SIDO LIMITED'),
(568, 'Signal.MD'),
(632, 'SIGNIF'),
(597, 'Silver'),
(554, 'SILVER LINK.'),
(696, 'SJYNEXCUS'),
(678, 'Skydance'),
(591, 'SMIRAL Animation'),
(575, 'Sogo Vision'),
(656, 'Soigne'),
(680, 'soket'),
(586, 'Sola Digital Arts'),
(606, 'Sola Entertainment'),
(636, 'Sonsan Kikaku'),
(625, 'Sony Interactive Entertainment'),
(564, 'Sony Pictures Entertainment'),
(664, 'Space-X'),
(652, 'Sprite Animation Studios'),
(627, 'Square Enix Visual Works'),
(661, 'Square Pictures'),
(603, 'Staple Entertainment'),
(685, 'Starlight Entertainment'),
(663, 'StarLink'),
(619, 'Stay Luck'),
(608, 'Stereotype'),
(651, 'Stingray'),
(695, 'Story Effect'),
(570, 'Streamline Pictures'),
(562, 'Studio 1st'),
(641, 'STUDIO 8 DOGS'),
(560, 'Studio 9 Maiami'),
(576, 'Studio A-CAT'),
(642, 'Studio A. Craft'),
(682, 'Studio Add'),
(669, 'Studio AWAKE'),
(689, 'Studio B&M'),
(573, 'Studio BAZOOKA'),
(631, 'Studio Bingo'),
(593, 'Studio Blanc.'),
(654, 'Studio Bogey'),
(622, 'Studio Boogie Nights'),
(700, 'Studio CA'),
(612, 'Studio CANDY BOX'),
(702, 'Studio Carbuncle'),
(688, 'Studio Cats'),
(602, 'Studio Chizu'),
(675, 'Studio Clutch'),
(559, 'Studio Comet'),
(650, 'Studio Core'),
(596, 'Studio Crocodile'),
(684, 'Studio D-Volt'),
(624, 'Studio Daisy'),
(550, 'Studio Deen'),
(662, 'Studio Dolphin Night'),
(676, 'Studio Dotou'),
(643, 'Studio Easter'),
(657, 'Studio Eight Color'),
(598, 'Studio Elle'),
(571, 'Studio Eromatick'),
(565, 'Studio Fantasia'),
(628, 'Studio Flad'),
(683, 'Studio Fusion'),
(693, 'Studio Gadget'),
(644, 'Studio Gazelle'),
(563, 'Studio Ghibli'),
(697, 'Studio Guts'),
(699, 'Studio Hakk'),
(677, 'Studio Harutonari'),
(694, 'studio hb'),
(557, 'Studio Hibari'),
(686, 'Studio Himalaya'),
(580, 'Studio Hokiboshi'),
(671, 'Studio Izena'),
(588, 'Studio Jemi'),
(690, 'Studio Jin'),
(607, 'Studio Kaab'),
(637, 'Studio Kafka'),
(701, 'Studio Khronos'),
(623, 'Studio Kingyoiro'),
(658, 'Studio Lemon'),
(640, 'Studio LEO'),
(578, 'Studio Live'),
(670, 'Studio Lotus'),
(615, 'Studio M2'),
(674, 'studio maf'),
(649, 'Studio March'),
(553, 'Studio Mausu'),
(673, 'Studio Maybe'),
(667, 'Studio Mir'),
(579, 'Studio Moriken'),
(590, 'studio MOTHER'),
(653, 'Studio NOIX'),
(600, 'Studio OX'),
(611, 'Studio Palette'),
(551, 'Studio Pierrot'),
(587, 'Studio Placebo'),
(629, 'Studio Ponoc'),
(666, 'Studio Ppuri'),
(635, 'Studio Prokion'),
(634, 'Studio Ranmaru'),
(605, 'Studio RE:Map'),
(594, 'Studio Rikka'),
(665, 'Studio Shelter'),
(620, 'Studio Soul'),
(645, 'Studio Ten'),
(638, 'Studio Ten Carat'),
(668, 'Studio UGOKI'),
(585, 'Studio VOLN'),
(698, 'Studio W.Baba'),
(705, 'Studio WHO'),
(703, 'Studio World'),
(633, 'studio YOG'),
(704, 'Studio Z5'),
(691, 'STUDIO6\'oN'),
(672, 'studioDOT'),
(626, 'Sublimation'),
(639, 'Sugar Boy'),
(692, 'Sumomo Film'),
(618, 'Sunflowers'),
(655, 'Sunny Gapen'),
(548, 'Sunrise'),
(589, 'Sunrise Beyond'),
(599, 'Super Normal Studio'),
(647, 'Suspenders'),
(566, 'Suzuki Mirano'),
(712, 'T-Rex'),
(740, 'Taikong Works'),
(735, 'Takahashi Studio'),
(743, 'TAKI Corporation'),
(718, 'Takun Manga Box'),
(717, 'Tamabi'),
(754, 'Tang Cai Zhaopin'),
(756, 'TanKong Pictures'),
(753, 'TANOsim'),
(742, 'Taomee'),
(746, 'TAP'),
(708, 'TBS'),
(721, 'TCJ'),
(751, 'Team OneOne'),
(765, 'Team TillDawn'),
(744, 'team Yamahitsuji'),
(736, 'Team YokkyuFuman'),
(732, 'Teatro Nishi Tokyo Studio'),
(761, 'TEC'),
(840, 'Telescreen'),
(764, 'Ten Tails Animation'),
(709, 'Tencent Video'),
(745, 'Tengu Kobo'),
(716, 'The Answer Studio'),
(755, 'The Gate Studio'),
(763, 'The Monk Studios'),
(731, 'Thundray'),
(739, 'Tianshi Wenhua'),
(762, 'TiMi Studio Group'),
(707, 'TMS Entertainment'),
(713, 'TNK'),
(768, 'TOCSIS'),
(706, 'Toei Animation'),
(752, 'Tohjak'),
(710, 'TOHO'),
(711, 'TOHO animation'),
(725, 'TOHO animation STUDIO'),
(733, 'Tokyo Movie'),
(738, 'Tokyo Polytechnic University'),
(741, 'Tokyo TV Douga'),
(723, 'Tokyu Agency'),
(750, 'Tomason'),
(734, 'Tomovies'),
(749, 'Tonko House'),
(728, 'Topcraft'),
(719, 'Toranoana'),
(722, 'Toshiba EMI'),
(726, 'Transcendence Picture'),
(727, 'Trash Studio'),
(715, 'Triangle Staff'),
(729, 'TriF Studio'),
(714, 'Trigger'),
(730, 'TrioPen Studio'),
(841, 'TROYCA'),
(747, 'Tryforce'),
(759, 'Tsubo Production'),
(720, 'Tsuburaya Productions'),
(724, 'Tsuchida Productions'),
(767, 'Tsukimidou'),
(748, 'TthunDer Animation'),
(737, 'TV Douga'),
(758, 'TV Tokyo Communications'),
(760, 'Twenty First'),
(766, 'Twilight Studio'),
(757, 'TypeZero'),
(776, 'UchuPeople'),
(769, 'ufotable'),
(773, 'UKA'),
(770, 'Ultra Super Pictures'),
(775, 'Unend'),
(774, 'Urban Product'),
(771, 'Urban Vision'),
(772, 'UWAN Pictures'),
(780, 'V-sign'),
(842, 'Vasoon Animation'),
(778, 'Viewworks'),
(779, 'Visual Flight'),
(777, 'Voil'),
(784, 'W-Toon Studio'),
(790, 'Wanda Media'),
(792, 'Wang Film Productions'),
(782, 'WAO World'),
(781, 'Warner Bros. Japan'),
(793, 'Watanabe Promotion'),
(788, 'Wave Master'),
(787, 'Windy Studio'),
(794, 'Winfuture Media'),
(789, 'Wolf Smoke Studio'),
(783, 'Wonder Cat Animation'),
(791, 'WonderLand'),
(785, 'WOWMAX'),
(786, 'Wright Staff'),
(797, 'Xanthus Media'),
(796, 'Xiaoming Taiji'),
(795, 'Xing Yi Kai Chen'),
(809, 'Y&N Brothers'),
(801, 'Yaoyorozu'),
(805, 'yell'),
(803, 'YHKT Entertainment'),
(804, 'Yi Chen Animation'),
(815, 'Yili Animation Studio'),
(808, 'Yinhe Changxing Culture'),
(843, 'YNUO'),
(800, 'Yokohama Animation Laboratory'),
(798, 'Yomiuri TV Enterprise'),
(814, 'Yonago Gainax'),
(810, 'Yoon\'s Color'),
(812, 'York Animation'),
(799, 'Youku'),
(813, 'Youth Film Studio'),
(807, 'Yoyogi Animation Gakuin'),
(802, 'Yuewen Animation & Comics'),
(811, 'Yumao Wenhua'),
(806, 'YURUPPE Inc.'),
(816, 'Zero-G Room'),
(818, 'Zhou Ling Wenhua'),
(819, 'Zhou Shen Studio'),
(817, 'Ziine Studio'),
(820, 'Zoland Animation'),
(821, 'ZOOM ENTERPRISE');

--
-- Indexek a kiírt táblákhoz
--

--
-- A tábla indexei `anime_adatlap`
--
ALTER TABLE `anime_adatlap`
  ADD PRIMARY KEY (`id`),
  ADD UNIQUE KEY `mal_id` (`mal_id`);

--
-- A tábla indexei `anime_cimke`
--
ALTER TABLE `anime_cimke`
  ADD PRIMARY KEY (`id`),
  ADD KEY `anime_id` (`anime_id`),
  ADD KEY `cimke_id` (`cimke_id`);

--
-- A tábla indexei `anime_studio`
--
ALTER TABLE `anime_studio`
  ADD PRIMARY KEY (`id`),
  ADD KEY `anime_id` (`anime_id`),
  ADD KEY `studio_id` (`studio_id`);

--
-- A tábla indexei `cimke_lista`
--
ALTER TABLE `cimke_lista`
  ADD PRIMARY KEY (`id`),
  ADD UNIQUE KEY `cimke_nev` (`cimke_nev`);

--
-- A tábla indexei `elozmeny`
--
ALTER TABLE `elozmeny`
  ADD PRIMARY KEY (`id`),
  ADD KEY `profil_id` (`profil_id`),
  ADD KEY `anime_id` (`anime_id`),
  ADD KEY `resz_id` (`resz_id`);

--
-- A tábla indexei `forras_elem`
--
ALTER TABLE `forras_elem`
  ADD PRIMARY KEY (`id`),
  ADD KEY `forras_id` (`forras_id`),
  ADD KEY `resz_id` (`resz_id`);

--
-- A tábla indexei `forras_tipus`
--
ALTER TABLE `forras_tipus`
  ADD PRIMARY KEY (`id`),
  ADD UNIQUE KEY `nev` (`nev`);

--
-- A tábla indexei `lista_elem`
--
ALTER TABLE `lista_elem`
  ADD PRIMARY KEY (`id`),
  ADD KEY `profil_id` (`profil_id`),
  ADD KEY `anime_id` (`anime_id`),
  ADD KEY `tipus_id` (`tipus_id`);

--
-- A tábla indexei `lista_tipus`
--
ALTER TABLE `lista_tipus`
  ADD PRIMARY KEY (`id`),
  ADD UNIQUE KEY `tipus` (`tipus`);

--
-- A tábla indexei `profil_adatlap`
--
ALTER TABLE `profil_adatlap`
  ADD PRIMARY KEY (`id`),
  ADD UNIQUE KEY `email` (`email`);

--
-- A tábla indexei `reszek`
--
ALTER TABLE `reszek`
  ADD PRIMARY KEY (`id`),
  ADD KEY `anime_id` (`anime_id`);

--
-- A tábla indexei `studio_lista`
--
ALTER TABLE `studio_lista`
  ADD PRIMARY KEY (`id`),
  ADD UNIQUE KEY `studio_nev` (`studio_nev`);

--
-- A kiírt táblák AUTO_INCREMENT értéke
--

--
-- AUTO_INCREMENT a táblához `anime_adatlap`
--
ALTER TABLE `anime_adatlap`
  MODIFY `id` int(11) NOT NULL AUTO_INCREMENT, AUTO_INCREMENT=26;

--
-- AUTO_INCREMENT a táblához `anime_cimke`
--
ALTER TABLE `anime_cimke`
  MODIFY `id` int(11) NOT NULL AUTO_INCREMENT, AUTO_INCREMENT=128;

--
-- AUTO_INCREMENT a táblához `anime_studio`
--
ALTER TABLE `anime_studio`
  MODIFY `id` int(11) NOT NULL AUTO_INCREMENT, AUTO_INCREMENT=32;

--
-- AUTO_INCREMENT a táblához `cimke_lista`
--
ALTER TABLE `cimke_lista`
  MODIFY `id` int(11) NOT NULL AUTO_INCREMENT, AUTO_INCREMENT=26;

--
-- AUTO_INCREMENT a táblához `elozmeny`
--
ALTER TABLE `elozmeny`
  MODIFY `id` int(11) NOT NULL AUTO_INCREMENT, AUTO_INCREMENT=157;

--
-- AUTO_INCREMENT a táblához `forras_elem`
--
ALTER TABLE `forras_elem`
  MODIFY `id` int(11) NOT NULL AUTO_INCREMENT, AUTO_INCREMENT=555;

--
-- AUTO_INCREMENT a táblához `forras_tipus`
--
ALTER TABLE `forras_tipus`
  MODIFY `id` int(11) NOT NULL AUTO_INCREMENT, AUTO_INCREMENT=3;

--
-- AUTO_INCREMENT a táblához `lista_elem`
--
ALTER TABLE `lista_elem`
  MODIFY `id` int(11) NOT NULL AUTO_INCREMENT, AUTO_INCREMENT=25;

--
-- AUTO_INCREMENT a táblához `lista_tipus`
--
ALTER TABLE `lista_tipus`
  MODIFY `id` int(11) NOT NULL AUTO_INCREMENT, AUTO_INCREMENT=6;

--
-- AUTO_INCREMENT a táblához `profil_adatlap`
--
ALTER TABLE `profil_adatlap`
  MODIFY `id` int(11) NOT NULL AUTO_INCREMENT, AUTO_INCREMENT=11;

--
-- AUTO_INCREMENT a táblához `reszek`
--
ALTER TABLE `reszek`
  MODIFY `id` int(11) NOT NULL AUTO_INCREMENT, AUTO_INCREMENT=444;

--
-- AUTO_INCREMENT a táblához `studio_lista`
--
ALTER TABLE `studio_lista`
  MODIFY `id` int(11) NOT NULL AUTO_INCREMENT, AUTO_INCREMENT=844;

--
-- Megkötések a kiírt táblákhoz
--

--
-- Megkötések a táblához `anime_cimke`
--
ALTER TABLE `anime_cimke`
  ADD CONSTRAINT `anime_cimke_ibfk_1` FOREIGN KEY (`anime_id`) REFERENCES `anime_adatlap` (`id`) ON DELETE CASCADE ON UPDATE CASCADE,
  ADD CONSTRAINT `anime_cimke_ibfk_2` FOREIGN KEY (`cimke_id`) REFERENCES `cimke_lista` (`id`) ON DELETE CASCADE ON UPDATE CASCADE;

--
-- Megkötések a táblához `anime_studio`
--
ALTER TABLE `anime_studio`
  ADD CONSTRAINT `anime_studio_ibfk_1` FOREIGN KEY (`anime_id`) REFERENCES `anime_adatlap` (`id`) ON DELETE CASCADE ON UPDATE CASCADE,
  ADD CONSTRAINT `anime_studio_ibfk_2` FOREIGN KEY (`studio_id`) REFERENCES `studio_lista` (`id`) ON DELETE CASCADE ON UPDATE CASCADE;

--
-- Megkötések a táblához `elozmeny`
--
ALTER TABLE `elozmeny`
  ADD CONSTRAINT `elozmeny_ibfk_1` FOREIGN KEY (`profil_id`) REFERENCES `profil_adatlap` (`id`) ON DELETE CASCADE ON UPDATE CASCADE,
  ADD CONSTRAINT `elozmeny_ibfk_2` FOREIGN KEY (`anime_id`) REFERENCES `anime_adatlap` (`id`) ON DELETE CASCADE ON UPDATE CASCADE,
  ADD CONSTRAINT `elozmeny_ibfk_3` FOREIGN KEY (`resz_id`) REFERENCES `reszek` (`id`) ON DELETE CASCADE ON UPDATE CASCADE;

--
-- Megkötések a táblához `forras_elem`
--
ALTER TABLE `forras_elem`
  ADD CONSTRAINT `forras_elem_ibfk_1` FOREIGN KEY (`forras_id`) REFERENCES `forras_tipus` (`id`) ON DELETE CASCADE ON UPDATE CASCADE,
  ADD CONSTRAINT `forras_elem_ibfk_2` FOREIGN KEY (`resz_id`) REFERENCES `reszek` (`id`) ON DELETE CASCADE ON UPDATE CASCADE;

--
-- Megkötések a táblához `lista_elem`
--
ALTER TABLE `lista_elem`
  ADD CONSTRAINT `lista_elem_ibfk_1` FOREIGN KEY (`profil_id`) REFERENCES `profil_adatlap` (`id`) ON DELETE CASCADE ON UPDATE CASCADE,
  ADD CONSTRAINT `lista_elem_ibfk_2` FOREIGN KEY (`anime_id`) REFERENCES `anime_adatlap` (`id`) ON DELETE CASCADE ON UPDATE CASCADE,
  ADD CONSTRAINT `lista_elem_ibfk_3` FOREIGN KEY (`tipus_id`) REFERENCES `lista_tipus` (`id`) ON DELETE CASCADE ON UPDATE CASCADE;

--
-- Megkötések a táblához `reszek`
--
ALTER TABLE `reszek`
  ADD CONSTRAINT `reszek_ibfk_1` FOREIGN KEY (`anime_id`) REFERENCES `anime_adatlap` (`id`) ON DELETE CASCADE ON UPDATE CASCADE;
COMMIT;

/*!40101 SET CHARACTER_SET_CLIENT=@OLD_CHARACTER_SET_CLIENT */;
/*!40101 SET CHARACTER_SET_RESULTS=@OLD_CHARACTER_SET_RESULTS */;
/*!40101 SET COLLATION_CONNECTION=@OLD_COLLATION_CONNECTION */;
